Metabolites,A1_Control,A1_Context,A2_Control,A2_Context,B1_Control,B1_Context,B2_Control,B2_Context,C1_Control,C1_Context,C2_Control,C2_Context,D1_Control,D1_Context,D2_Control,D2_Context,E1_Control,E1_Context,E2_Control,E2_Context,F1_Control,F1_Context,F2_Control,F2_Context,G1_Control,G1_Context,H1_Control,H1_Context,H25361_Control,H25361_Context,H25362_Control,H25362_Context,H25363_Control,H25363_Context,H25364_Control,H25364_Context,H25365_Control,H25365_Context
H20,187108.367,187117.2363,203502.3079,6252.958793,108443.0391,66436.02278,315273.0438,216454.6108,113003.419,138392.5808,265920.0716,38128.81776,210252.3123,210187.9436,219334.3542,180062.3236,268306.4914,26161.48442,258410.5696,187108.367,55222.88368,48077.8337,262020.6631,22932.99229,6029.775911,11847.29189,16725.97639,116461.3332,146927.4508,41425.2047,208514.6552,68145.34276,23789.45186,23674.46056,270421.3431,65239.1331,65239.13254,19293.71127
NAD,5.883428267,12.56120395,0.5131783055,0.02484981003,0.1260668169,1.053869835,1.083842542,1.331702621,2.098875203,2.28310059,0.532300366,0.000009056070334,1.881799528,0.7011561423,0.00247085426,0.068414454,0.3442971394,0.0628419222,0.005043987871,0.1957093022,0.08993244075,0.01891062114,0.5850189262,0.04851251306,0.04521637765,0.3616050015,0.2514574518,0.7685050117,0.07521887013,0.01629779702,0.06977198999,0.4891372291,4.206248396,3.88488657,0.735245378,0.4058412997,0.917801303,0.4234815515
NADP,0.7017550151,0.9300102506,4.070527892,0.04454222133,0.656910304,1.976134649,0.7095282228,0.6389632573,0.2597850926,1.238668862,8.981890373,0.5143891336,1.107677773,0.6551529516,5.265236361,0.5542051596,2752.351175,0.6490893058,4.611837453,0.2306608114,0.3532190294,2.364829271,6.61297745,0.2302188076,0.000001183621644,0.02378349189,15.66253683,0.1500417762,1.134872462,0.2229394862,4.101212399,0.383512392,0.00001817540309,0.000006492652803,3.491353374,0.09493782976,0.9404742586,1.113726007
Phosphate,2843.11026,1314.179536,5549.740511,3510.675278,3095.315322,219.4379369,636.3635456,255.2268674,2576.010799,2424.199661,768.6632528,1128.846321,342.284942,193.1120993,9839.610041,731.6008568,1042.301273,3502.16345,2347.022557,10196.1819,1240.043301,264.2196932,1240.127635,124.8207275,8.015043549,11.05165666,28096.81647,302.9846179,10314.96048,6902.307095,1447.557017,274.5262321,139.5379808,260.1604796,1547.027801,285.8752456,221.5926346,4774.484926
Coenzyme_A,40.28300935,15.70642517,6.966604338,0.04112373769,1.866855478,1.821023315,15.42438945,6.995439184,4.70273584,8.330242228,5.926173489,0.5179671249,17.05930325,9.791197166,4.307675136,7.125130378,2435176.607,5.084669188,12.8749416,0.7183764864,0.2638176118,0.5704708429,9.454703279,0.2294421357,0.2089995427,0.07797475849,33.09960683,0.7977338089,4.410449529,0.9098207888,12.18283472,0.9178943488,6.092760471,15.94035332,9.885601287,3.215934198,2.125220869,1.891299575
CO2,1786424.732,1953317.843,9218911.516,303676.0094,2328006.455,3505002.075,3302616.74,2339103.396,2249868.371,2643433.912,7369622.502,1164183.424,3111473.782,2928625.873,6983863.898,5813339.474,5996133.601,2882913.806,11744206.85,1666393.004,1420780.46,1450658.423,9850380.419,932598.2427,290637.0004,184004.9096,5826417.878,2519850.465,7229943.309,2377192.94,9171894.515,2755860.12,3619568.122,2028802.071,8931480.893,2571831.982,2737107.771,3242571.432
Pyrophosphate,313.5969132,66.64067669,686.99627,786.7951138,551.9069008,1.011720124,26.85712307,3.891661729,389.4250832,223.4734546,0.1339493621,153.859533,0,0,1404.979842,14.29055638,0,691.5117239,22.42381409,2131.664148,234.2655395,0,1.973434677,7.636645151,95252.69691,44359.93614,4223.344055,42.98611794,1110.74361,1208.786835,0.5557873815,2.817750069,0,0,0.1022960601,0,0,140.4292001
NH4,1918767.709,1735513.407,1716055.108,83114.8547,600930.6083,565715.7788,2899056.904,2536291.841,1106611.141,1609603.32,2510919.383,352338.9775,3275104.451,4096271.738,2043839.223,848081.4524,922589.9042,435843.1986,2265209.232,627893.5174,192018.6633,641249.8039,1253218.694,218153.8087,0.006952433791,0.05764400222,1380837.16,616633.2588,1736747.044,1299003.976,994040.247,312736.652,1554438.064,3303156.173,2511383.583,370977.5985,382171.0701,1289087.714
S_Adenosylmethionine,0.02072540186,0.01340445551,0.1104533165,0.008085672313,0.1606175377,0.09638613309,0.01106809474,0.09353806433,0.04465894904,0.042993689,0.2736395805,0.01127278701,0.6106626946,1.183122169,0.2183867232,0.1008914612,0.1006756428,0.01981750579,0.542577244,0.01509232277,0.000699104188,0.01711127381,0.08113055475,0.001208639214,0.00004825718533,0.00004574532667,0.1403334312,0.3010694946,0.1527621642,0.05379313366,1.92544766,0.03694329776,1.688682004,0.5389666041,0.2871548018,0.06144746157,0.2640300975,0.02773362273
S_Adenosylhomocysteine,0,0,0,0,0,0,0,0,0.00000005985064,0.00000005045826515,0,0,0,0,0,0,0,0,0,0,0,0,0,0,0,0,0,0,0,0,0,0,0,0,0,0,0,0
Pyruvic_Acid,127.6855115,127.6855115,139.5764221,3.895790925,68.80626656,75.69892547,157.8249127,108.3565596,86.22679943,116.0931548,122.784418,17.13877594,156.3639625,156.3639628,147.5361848,247.684939,130.4132424,31.65752819,228.787148,35.51389725,34.5168837,20.01465735,138.0810111,10.10656885,110.1245683,357.3101844,122.9151946,51.9482469,136.1379207,44.71422426,116.8995412,35.52710421,156.3639535,156.3639459,150.5437238,34.70964526,29.49678622,80.16749575
L_Glutamic_Acid,810.2034773,806.9524763,1370.923592,47.21362564,669.1972641,485.4990538,1737.894162,1193.171783,590.6206671,826.5115297,857.4365329,315.3050693,1082.178615,1080.882514,1418.636828,983.2038767,1173.284477,161.7220477,1121.550527,94.4615866,30.27845254,233.5504397,1320.080163,105.4246652,86.44944768,79.05272564,1392.162888,512.5377302,1402.189685,597.6111075,1092.314053,269.2154479,541.8263953,634.462273,1450.518536,94.59847161,92.76388514,721.1020572
Oxoglutaric_acid,109.4921244,79.19119984,120.2003223,79.81588223,87.50068412,234.6659685,507.8400265,347.9602459,101.3793282,53.98822024,244.2810237,155.6853504,628.8741004,529.3221957,330.9721109,95.86126856,54.36576558,252.7449371,751.0155212,96.24844927,102.8015832,79.97363485,77.55713127,21.97632415,26.99098458,97.64532845,122.7999095,294.8119174,118.8065553,196.0876024,143.4140609,124.37202,769.3695455,708.0554306,156.3667504,117.7375508,147.780195,153.8117205
D_Glucose,12576.04371,10838.70346,32936.05727,3551.912364,11361.11567,10553.65143,25816.43023,16856.84357,18002.90274,22043.54139,27600.47622,4058.832895,19673.68768,20053.43366,32050.34205,22286.62727,31936.84432,8498.481039,38208.48928,9034.260192,8893.350456,3990.752932,31124.02182,2899.46933,25542.63519,1057.253784,27392.22627,14129.91271,31972.2041,12306.31035,30401.36864,8663.772059,21414.17929,20379.9017,30988.94723,6932.828427,6844.390466,17486.6079
Heme,0.8914726069,0.9919706749,2.284386572,0.1112282934,0.7864653406,1.046608746,0.98371299,0.6407762875,0.6229055072,0.9017452068,2.797564283,0.8895721562,1.598128535,1.930176222,2.763441371,1.910293051,2.141262737,0.5408514936,1.706817176,0.4690295258,0.02798686734,0.4177604549,1.586896479,0.1738565565,0.07638107282,0.07263968516,1.400461876,0.6355393803,1.991088327,0.6936997481,2.671770031,0.5327565519,2.841899112,3.075202016,3.269201987,0.5308583797,0.5570115523,0.5859854298
Acetic_Acid,37385.96293,47250.91346,3351882.125,290921.2514,1666696.862,743902.3725,182972.4324,85343.86754,156292.5921,265385.9929,2640016.257,538840.3695,73277.42719,73796.2927,2411420.723,1270450.337,4951180.432,1382170.363,9093023.53,1470293.6,772249.0358,278825.9485,5261244.172,574951.9759,5400.164214,5130.044941,1140420.019,399103.7224,4943507.353,142842.8484,4582155.331,1126746.134,761680.0776,243493.2398,3013037.272,1018832.34,955854.5393,1126419.669
Mn2_,0.00005320698363,0.00005320698363,0.0000532065058,0.00005320729718,0.00005320737743,0.00005320688506,0.00007749505164,0.00005320514385,0.00004070168444,0.00005320706289,0.00005320665228,0.00005320659661,0.00005320737394,0.00005320738395,0.00005320596111,0.00005320641435,0.00005320645669,0.00005320762461,0.00006842387622,0.00005320566146,0.00005320717751,0.00005320598393,0.00005320743455,0.00005320735557,0.00005320654151,0.00005320726075,0.00005320718911,0.00005320664973,0.00005320670808,0.00005320697098,0.00005320739815,0.00005320734542,0.00005320738847,0.00005320729281,0.00005320526729,0.00005320877389,0.00005320877329,0.0000532062765
Glycine,50986.34663,49077.67435,173824.7737,10535.82252,25046.20442,102102.2637,134260.9526,92216.76109,69215.30766,100558.0053,207791.5552,29554.60467,77918.99187,93466.41773,164228.3015,119103.5556,144148.6489,52962.06321,227333.1738,47281.59268,11360.68114,30424.61592,203683.209,15000.13863,5666.977623,1396.566787,145588.9364,55904.28286,167539.4678,60324.78211,180885.4036,40879.1269,128312.7184,124005.0856,206336.9835,49631.79367,48602.48303,86036.98135
Zn2_,0.00005320698362,0.00005320698362,0.00005320650585,0.00005320729724,0.00005320737733,0.00005320688512,0.00007749505163,0.00005320514384,0.00004070168447,0.00005320706287,0.00005320665229,0.00005320659664,0.00005320745372,0.00005320742393,0.00005320596116,0.00005320641448,0.00005320645671,0.00005320762464,0.0009745241489,0.00005320566147,0.00005320717742,0.00005320598396,0.00005320743455,0.00005320730889,0.00005320654152,0.00005320722996,0.0000532071892,0.00005320664975,0.00005320670815,0.00005320697102,0.00005320739812,0.00005320734542,0.00005320738862,0.00005320729281,0.00005320526735,0.00005320877384,0.00005320877341,0.00005320627653
L_Alanine,10651.44434,10649.43584,6208.051515,235.036254,810.7554821,443.8862268,343.269752,234.2281813,19740.66246,1018.908962,11535.70186,1680.932138,6316.197454,5929.846638,8164.137836,4708.96772,7860.62534,1174.54743,7385.96589,1121.763193,396.2093521,1580.146219,8597.372269,835.3900121,1084.476164,2918.087352,3846.762736,629.7576203,10632.32176,3747.181687,6811.916466,1219.468281,7091.910139,8153.455795,11264.97244,3086.896618,3062.335747,5166.728742
Succinic_Acid,1748669.651,1447572.454,1259624.323,123042.96,383386.1135,241496.5384,1632928.989,1292986.503,701011.154,1141622.476,1369971.017,392815.1454,1890799.298,2217870.738,1901130.658,856973.1285,567532.1694,225953.0295,482460.9107,233434.9727,109281.9826,341782.3704,514327.7728,44072.89853,13224.07531,57172.29128,1498704.745,545344.5892,625527.2018,1144930.097,343374.7704,66867.1718,795000.6587,1856554.092,1690159.827,138949.5304,161399.7558,1415715.152
Guanosine_Triphosphate,0,0,29.80742695,0.570755525,5.752527874,0.1402751851,0.01041749234,0.008531223167,0.5061619448,3.868151964,10.6230229,3.945251837,0,0,20.97482149,18.08744236,27.20580353,1.170185245,60.83527771,1.821198986,0.04865050905,7.858479018,24.45623168,1.081027114,0,0,12.87032185,0.2329410013,34.85600158,8.91451475,34.37805177,8.37812023,0,0,50.62926526,12.31363978,3.569616411,177.7429538
L_Lysine,288.2772638,245.4391427,337.3928657,68.05025716,78.93831606,26.98607072,568.1920805,128.2412233,311.9146648,697.4611056,158.0345798,29.72177246,760.671148,296.2991915,235.8899062,53.72556734,30.04359105,218.5787311,25.59669603,22.75189702,14.76568223,1059.276382,98.43834029,19.00538121,93.61316414,2.048135488,15.19002784,1.654706577,111.7975641,187.1464921,345.8265804,54.26738429,628.9044222,331.5071546,351.6353038,59.70493634,29.43210789,21.43866402
L_Aspartic_Acid,3206.123714,3105.205118,2453.589901,82.28089246,740.2095569,664.4975181,4560.216727,3192.137626,2070.91812,2834.348831,2584.403481,463.0798262,3174.581192,3099.215896,2633.501694,1769.199389,2076.316138,398.7522407,2869.141579,584.4271249,149.8449028,524.6183443,1580.715149,197.5592,327.4942883,264.3329924,2396.725957,1372.643744,2890.477305,1184.018911,2231.810966,581.2740513,2883.174726,3225.277827,2465.768975,695.9151317,735.8615449,1577.012698
Adenosine_3_5_diphosphate,0,0,0,0,0,0,0,0,0,0,0.00000005029695067,0.00000005867511716,0,0,0,0,0,0,0,0,0,0.00000001526036728,0,0,0,0,0,0,0,0,0,0,0,0,0,0,0,0
Formic_Acid,13239.22647,13315.97471,6678.874756,6076.543735,48461.54063,10181.16213,13661.28881,11190.96798,19225.38835,41867.56099,2370.658727,87.03628875,243037.7935,210769.8083,9244.082104,7731.433247,1553.696826,6850.284554,14750.32045,1210.891005,173.9978818,277.2594154,10075.64775,2621.312814,3964.657023,1045.067275,485.1584093,5655.255636,2133.40206,4365.7347,4937.651171,15049.82058,9205.623013,9970.086051,2681.364629,1994.32202,1840.095622,19350.84788
Sulfate,525.3024905,314.480904,1687.124395,98.81999995,604.2478297,1470.69031,3349.116455,2497.426731,2592.478975,1032.508345,2562.873323,36.24171697,77.44054069,1202.260053,1661.571099,2070.838139,1281.956473,125.3694999,284.7213954,116.5996498,78.76403661,302.9967217,1599.50575,22.99121488,15.2439623,36.29179422,1804.253885,774.5539671,2116.582548,1110.716421,1910.555597,339.8352166,153.7386279,100.4001226,579.063366,730.8955313,851.7927698,539.4843631
L_Arginine,303.9149753,269.3343124,220.4499941,11.72803964,231.180848,63.11968544,170.5598495,251.9299382,86.20265379,130.4432322,94.24372783,24.0005937,310.5626701,725.332562,144.961748,295.7720215,476.8506269,65.69181473,537.1600811,29.73349748,21.63577292,44.00705992,456.0303051,80.16331188,44.64843459,17.29983692,45.36205332,99.74738235,41.42159733,33.97689365,438.9296946,25.46586312,183.7810692,178.2792035,245.3923445,17.50639282,130.7809391,16.87735165
L_Glutamine,10642.46317,8282.459947,4435.426732,518.6211603,827.7483387,2054.209081,16289.02571,14134.49971,3422.335219,2974.237212,5436.652877,443.3016605,5230.047789,7282.568908,4909.237523,1847.695868,2594.701832,151.5511267,9629.782833,1756.772589,15147.44715,3469.120675,6273.388609,2220.388868,379.0467308,133.5094637,679.2204876,1244.552081,4092.826309,6854.119226,1555.373281,2930.186102,2074.285472,3552.242545,2323.979532,448.5629665,916.5515837,12606.18119
L_Serine,13616.55589,14142.71465,13263.79841,451.3003832,6618.345859,5245.908783,20497.46028,14270.22956,9204.994573,13033.98364,13376.87902,1883.548765,14277.38088,14277.38091,12840.0952,10283.55289,13486.05445,2207.682696,15646.82752,1792.674983,529.6873105,7222.718183,13261.54874,908.8001407,1045.769734,1152.296696,13546.96785,6933.137506,13066.29902,4697.137169,13003.37695,2906.644677,12718.09284,13001.67426,13054.10105,3065.061968,2685.01824,13787.94761
Formaldehyde,0.02964178466,0.0000001380936454,0,0,0,0,0.000000005547182391,0,0.00000005861129492,44360.20229,0,0,0.003733505449,0.003739740239,0,0,0,0,0,0,0,0,0,0,0.00000006071878775,0.00000006434243973,0,0,0,0,0,0,0.0642681734,0.1691005285,0.03058849396,0,0,0
Cu2_,0.00005320698363,0.00005320698363,0.0000532065058,0.00005320729718,0.00005320737743,0.00005320688506,0.00007749505164,0.00003652905705,0.00004070168444,0.00005320706289,0.00005320665228,0.00005320659661,0.00005320737394,0.00005320738395,0.00005320596111,0.00005320641435,0.00005320645669,0.00005320762461,0.00006842387087,0.00005320566146,0.00005320717751,0.00005320598393,0.00005320743455,0.00005320735557,0.00005320654151,0.00005320726075,0.00005320718911,0.00005320664973,0.00005320670808,0.00005320697098,0.00005320739815,0.00005320734542,0.00005320738847,0.00005320729281,0.00005320526729,0.00005320877389,0.00005320877329,0.0000532062765
Ascorbic_Acid,0,0,0,0,2113.287731,2539.247895,0,0,51.99319093,205.0449442,4264.543642,1512.355973,0,0,3985.558399,2765.743218,3163.685131,1492.925076,4120.970026,269.9702789,2127.443177,2123.482665,3187.687857,2191.398151,0.001602521678,0.0000470285309,2110.861986,1091.872887,5105.141604,2206.931071,2692.622809,3725.336817,0,0,4602.137855,3463.122184,3386.390332,4509.706497
L_Methionine,30.76958541,39.93087834,3607.218281,2131.443821,0.1313455387,12.29556696,18.30980618,0.2582452237,9.488151996,4.119653654,72.26778192,0.1349955946,67.88769568,168.2886182,44.84980795,0.494762821,24.53963422,0.3088446257,0.3268335874,0.02660726532,0.03476248616,0.06358966329,92.77881084,141.5859868,0.09453539298,0.2169759562,12.39405656,118.6369249,2.124372567,0.2851544258,6.116592912,249.8703537,200.6494724,391.9077657,150.0507439,34.69848353,4.544570494,7.299293163
Calcium,0.00005320699922,0.00005320699922,0.5254750845,0.06511534154,0.00005320738839,0.00005320691298,0.00007749507814,4.02905122,0.00004070168011,0.00005320705057,0.00005320665833,0.00005320660935,0.00005320743355,0.00005320741425,0.00005320600513,0.00005320650666,0.0000532064791,0.00005320762289,0.00006842382721,0.0000532057355,0.00005320721155,0.0000532060431,0.00005320745715,0.00005320731362,0.00005320651765,0.00005320725994,0.00005320713962,0.00005320664659,0.0000532067082,0.00005320691782,0.00005320732927,0.00005320730729,0.00005320737807,0.00005320736157,0.00005320528968,0.00005320882844,0.00005320885185,0.00005320634488
Ornithine,51.23362012,8.54153276,0.00005320653331,0.00005320725984,47.3656512,70.98587959,7333.256957,1235.289526,20.15150826,25.10683963,102.9806246,903.4142927,71.6340841,31.57498042,114.7932022,134.3315666,106.776786,1141.007629,45.19775252,435.0581294,1705.238539,58.18787272,200.971082,11.71627887,3.647516311,11.12094247,203.4495796,25.66707639,139.6874168,321.6359793,136.5398165,36.59584812,84.10325798,38.40960793,208.3855218,50.39648569,45.26843295,8244.809517
L_Tryptophan,1.091446273,0.2497816464,132.103198,1515.887988,46.69373916,30.03682079,9.73478885,638.5305078,6.841027802,10.491057,105.6363773,10.50271675,0.002572822613,0.6932659577,81.044977,126.0241136,131.7890025,27.563536,342.5923305,50.34661151,0.7735473523,29.04979653,59.06429943,27.67543122,0.5178793137,0.003471952376,112.4636155,20.62407027,213.0030502,46.64665677,141.516196,29.53941504,342.4550972,358.1872512,149.871944,41.08774569,36.65864317,12.94725899
L_Phenylalanine,36.88320643,20.94046066,93.67801482,2.697751053,13.59739716,0.7138806313,47.93559026,49.37228833,18.3563217,1.240857238,18.04337017,1.988030357,95.339579,39.88571909,83.35410552,12.32772977,101.5150188,20.36173455,329.3556582,0.2029942264,6.661303672,0.3717232848,142.6903721,40.17416613,0.4663927502,3.800913908,7.951081465,36.1007416,93.69266974,28.63308887,37.26564801,10.36787707,59.81945127,0.9462281353,15.85974624,43.89827841,54.10972709,25.01497048
Hydrogen_Ion,56674.76286,8664.65763,92.26470621,1.073656697,371885.1752,60863.13933,84294.9446,31405.9048,164687.9699,215421.0185,120375.0595,135728.4217,80507.77085,49554.53428,143947.1411,123495.3139,55898.07943,70355.48529,70592.81989,134692.7021,78051.77258,220063.9021,30756.42137,31617.86095,141753.1785,4350.580164,183470.9228,91155.99978,202923.0154,125684.8401,89565.6419,1734.610937,94022.49878,92597.18337,114794.6244,46384.20054,42882.82666,265945.3458
L_Tyrosine,20.69963621,8.669216895,80176.28482,269056.871,12.56525278,7.471607138,9.251948004,1396.507603,5.971793388,6.202944664,23.53073429,36.78492369,53.63513136,63.9411974,17.46624372,7.282274456,26.16587083,21.45641921,51.03635194,11.45070042,74.99725851,11.97436643,11.93464728,4.773180143,11.62653536,2.611995529,38.01927864,41.0255278,14.01918863,23.04434923,38.90043229,16.85498871,98.88947473,3.945528974,55.91264794,11.02410771,40.66617608,418.7833751
Acetaldehyde,5416.294231,68.49216663,36.76098462,5.217344801,277.0163085,44.91785432,89.09844962,76.22255307,65.38851466,100.8469406,7139.607407,712.7338392,183.5104815,183.510482,206.3214347,1248.881561,3519.167359,85.75292695,438.3841188,1274.303896,4144.395799,47.97471931,168.8340742,16.24415972,163.6359474,27.08434094,158.0972135,26.9333108,945.9152919,18.21079073,188.9578106,874.6316707,183.5104724,183.510464,1244.301976,21.74803495,8.666436426,82.93642801
Urea,26173.63104,7840.623808,1232.899728,1.155330563,117.1435211,383.112079,20925.50112,29949.13683,6194.33448,7297.200388,2891.054272,961.4815862,75589.09779,76090.7577,4381.37307,234.245379,2569.541117,6301.936728,1755.653487,11504.63974,1.435723711,388.059539,225.0785564,1133.839621,157.232569,28.18693391,856.2420941,422.9069637,7008.081776,7093.60087,415.0417805,752.8818044,4295.494903,53510.51613,15201.66132,1134.514737,347.7706188,4455.169459
Sucrose,0.00274180748,0.002772937265,4975.825511,227.6251382,58.31585395,60.61347693,0.002443236351,16286.22947,8.36048955,15.3879701,199.1911366,127.644873,0.002084756931,0.002035548662,106.2705762,106.1632595,140.2000644,20.12837462,181.6465245,176.4747824,20.19137254,34.50364898,143.8541509,15.26707325,0.000691350097,0.001058232318,67.15983018,36.58953785,129.7712519,67.26944861,170.8775712,25.4817544,47.57941958,47.5853243,182.2030259,28.3991811,27.22833068,36.03435969
Glycerol_3_Phosphate,0.07938254036,0.2082534679,143.4320192,73.88685571,0.7686951283,4.512719364,0,0,0.6212839539,1106.153645,3.057150957,0,0,0,0.06484445927,0.2615520908,10.38643392,9.770243089,0,0,0,0.3904766595,0.06264825642,0,0,0,0.7683847593,0,200.0381695,0.3721190679,13.37188696,0,0,0,9.455139267,0,2.603165402,4.270033728
Sulfite,19.44138266,0.1868982718,0.5261756152,0,0.1667794023,1.636323283,336.8553381,231.5175041,0,0,0,0,0.9040039675,7.004604584,0,0,0,0,0,0,0,0,0,0,287.5492124,0,8.183644697,0.5141947543,0,0,0,0,1724.046576,280.7364865,0.000719894718,6.059462293,0,0
D_Fructose,0.5809758326,36134.24687,136.4622,0.3652144548,26.41416717,17.44657513,62.80702327,32.31304628,17.25919078,4.311375833,3.641232096,0.1576001741,51.4926363,24.19623335,7.743375571,99.32552828,28.2136171,1.38136034,0.2683074441,0.06232922296,0.004795472567,1.737019724,23.17402253,0.5799282009,17.70580819,16.13804556,26.91744666,14.43368257,79.44015795,1.477859697,8.163764182,2.996994305,1.090832367,24.29554653,14.07879659,3.220357311,0.3009944282,0
L_Cysteine,109050.514,81784.66912,102002.7619,8127.900414,63561.21616,53391.92031,185685.482,124705.4667,83828.69379,123213.6641,119690.2537,50164.79874,133302.8618,143131.8585,101801.9412,79480.03707,132518.4133,56762.12312,154490.1972,37545.73457,39682.58505,24895.89825,124345.423,15197.06684,10562.04914,11600.41868,126737.8429,68746.30668,101780.9772,40106.68371,136409.8334,33197.09079,111028.5389,128703.3019,131844.1455,28891.01614,33001.65976,87592.25656
Uracil,106.7483822,79.73256735,64.47244704,0.9186784715,26.5158392,13.21620968,70.21493841,87.40517307,4.875357185,40.18589388,128.1052766,6.898812162,210.4873576,251.2465003,57.83019681,102.6416625,114.2863,6.742026062,147.8224075,31.13318917,3.611306332,2.115790978,109.7110842,5.257000832,239.4191346,0.5734517439,40.99814421,42.33516594,79.41751203,41.6190121,219.0575854,356.5985204,631.2556246,402.3474922,37.99981865,385.5961199,343.508836,38.26153554
Chrloride_Ion,0.00005320698363,380.308804,0.0000532065058,0.00005320729718,0.00005320737743,0.00005320688506,0.00007749505164,0.00005320514385,0.00004070168444,0.00005320706289,0.00005320665228,0.00005320659661,0.00005320737394,0.00005320738395,0.00005320596111,0.00005320641435,0.00005320645669,0.00005320762461,0.00006842387087,0.00005320566146,0.00005320717751,0.00005320598393,0.00005320743455,0.00005320735557,0.00005320654151,0.00005320726075,0.00005320718911,0.00005320664973,0.00005320670808,0.00005320697098,0.00005320739815,0.00005320734542,0.00005320738847,0.00005320729281,0.00005320526729,0.00005320877389,0.00005320877329,0.0000532062765
Glycerol,1178.910469,677.0994893,3532.606072,100.7065588,1652.533046,736.5158721,2693.472373,1802.993707,1924.54206,2462.535476,3226.842637,342.8523382,2094.971209,1932.083306,3637.970292,2570.506523,2847.951285,875.5135013,4943.180562,1030.42294,1073.873404,1546.70406,3906.166199,350.7302726,2637.420189,16.21503297,3338.210645,2150.930863,3972.99283,1754.853987,3382.371107,859.7331206,1774.389604,1625.960295,4134.802783,761.1203443,796.7254657,1826.318006
D_Ribose,1.815055849,6.183352528,11.80684635,0.0004334914126,0.2215669607,3.894048655,4.143817929,2.273688304,0.154713768,76.19081701,40.02238017,1.589502304,0.8908509506,1.608976588,33.27465244,6.072495265,13.47532792,23.34414683,7.904531509,13.01476616,0.635367411,3.970540347,21.09251885,6.745237839,0.01388468885,0.04765391167,0.5549789472,0.755555833,51.35035037,1.436074482,55.57555636,0.2252033745,17.75346049,3.357247644,31.57684446,41.28021653,5.716565209,14.90696946
Fumaric_Acid,13.30179183,10.0555869,91.04356699,173.2648896,78.78640958,18.63256208,15.6432884,9.601743315,534.0543749,500.7278369,416.8539018,168.2087162,130.4282298,128.166891,3674.1347,2.979745797,365.4359177,162.9318013,579.0397366,10.32577581,2.348331061,3.493955753,20.55849048,6.792724504,0.9634633426,1.062613246,28.38168154,21.63245415,119.7913966,1.693325285,2453.560763,49.82991467,11.70197376,13.30179436,6.075748282,31.50300886,57.76804086,17.35094438
L_Leucine,6.371319623,63.64875815,3.566610121,3.211809338,2.134676712,2.345726341,5.092285319,5.022037682,8.098040121,3.747065105,82.32851308,1.669316382,19.5668016,39.99049023,78.37390738,70.49139262,33.5016836,1.074369994,12.34708109,21.73439064,1.954590109,1.463910316,39.81603885,3.701486261,0.1622994158,0.2004172757,104.5802643,1.927830943,7.349605026,5.605054427,6.414708776,5.720672456,19.63233113,9.183717811,32.32112378,16.27567215,0.4437978133,1.572332623
D_Galactose,330.3238594,175.3498523,775.4187415,50.72711408,445.3904123,373.5974436,425.8887871,287.5030746,327.04696,648.5247637,894.1504441,73.52734758,425.3095478,416.8146137,1096.167567,645.5428914,1099.480975,245.0836933,1314.304152,429.5996202,349.546516,239.4395398,995.5352042,113.9380861,6.395354355,5.107601686,825.8647469,412.0718856,1194.526332,542.6685786,1098.831708,282.5483714,396.9592603,353.0292856,1163.371011,335.6489603,345.454292,547.9235645
D_Alanine,0,0,0.002748072497,0.01702739396,0.006727760169,62.30022064,0,0,0,0,0,0,0,0,0,0,0.0003323396101,0,0,0,2418.546265,0,0,0,0,0,0,0,0.00001421248394,0,0,0,0,0,0.000002310984758,0,0,0
Putrescine,12.97264561,527.3659299,1138.13836,0.74403192,212.3045317,754.8580316,0.0003525852249,12.96596433,5.324236872,117.65814,294.5422954,121.8314186,0.003093471447,0.1792689153,373.8765035,248.2135868,7054.909612,446.0632085,879.4985626,44.74914852,0.291287214,0.2245443089,2790.487474,529.8259002,0,0,52.07382853,318.077771,1003.146214,104.8196808,9301.919461,345.3899265,0.1092330341,0.2779192243,894.8682509,269.892551,1328.287413,25.57756682
L_Histidine,3297.610219,4021.945467,1301.661649,11.9078567,557.5839789,20.30394703,3840.918763,2789.189744,946.3649697,1022.901476,2421.666382,115.9166864,4852.44684,5202.049249,669.7761462,1182.507123,1569.680667,263.8978189,985.5147528,1296.913069,332.0684723,427.0640558,4769.50323,1170.734261,253.012914,126.6545242,2498.914966,1684.853917,492.0554054,1312.641137,2285.370271,856.8600079,879.213916,3501.900804,3751.037138,677.0710408,559.8920475,637.501687
Myo_Inositol,750.0427573,36.12089405,10.41862554,0.7269236638,23.21964233,291.2328343,2332.680581,683.802938,238.392661,249.6585036,1105.828374,2.027397515,993.9793256,150.8257636,3.83167973,18.34332699,86.88701977,0.4274169605,7.267312297,0.01528841124,4.272702826,6.204784466,15.30556892,0.0002098930769,4.461930463,109.6976009,11.5367865,46.5403876,132.8988099,5.110580326,79.783222,15.70397188,139.6740078,657.0309434,261.4875141,104.8142424,19.17272426,7.534781316
alpha_Ketoisovaleric_acid,0,0,0,0,0,0,0,0,0,0,0,0,0,0,0,0,0,0,0,0,0,0,0,0,0.0006320969821,0.0006697268128,0,0,0,0,0,0,0,0,0,0,0,0
Adenine,0,0,0,0,0,0,0,0,0,0,0,0,0,0,0,0,0,0,0,0,0,0,0,0,0.000199517241,0.0002113950573,0,0,0,0,0,0,0,0,0,0,0,0
L_Proline,92.86438068,421.618802,4420.443336,388.4615177,681.0973488,8.204674937,15.48805709,124.5040173,48.5252418,828.6592191,737.3717479,2198.208814,25.76333646,1491.579394,4245.31149,501.4682541,3591.275768,1755.217098,20129.37659,3570.299241,2177.236203,1396.485277,2532.144673,2317.252374,0.2830620311,64.65311454,1514.62399,11724.75803,886.5427415,26.38104769,884.4308142,5136.944401,9331.792619,8391.322387,3272.287315,7328.202741,6208.04204,2192.076039
L_Malic_Acid,95.93107702,3.824238125,208.3857162,0.1357479938,2.56769685,261.5453696,0,0.01275708878,0.6271234407,0,1058.421095,14.96554511,0,0,110.6967443,19.01465619,0.8910765809,32.44781365,261.1581474,328.2853436,206.5626168,0.02373867593,5.480740435,57.72333287,0,0,5.188308833,0.6037811347,0,0.2032845528,121.4867873,9.362630268,30.30331058,0,1149.536671,6.139670054,3.865098905,0.3273916442
L_Asparagine,374.9952972,83939.34995,801.8400103,26.63534402,384.6190232,2.76418501,657.9096094,344.6087862,503.1464385,464.5832068,1267.717385,127.2384097,897.7480685,1001.295691,1089.378777,555.7160485,1171.871629,311.5048724,1609.770578,392.1145767,222.4662627,227.885697,1078.56897,124.1735521,43.7095423,0.05316176885,980.2509619,595.2246762,1336.793062,514.7959234,1067.340334,355.1801159,542.332424,1099.721864,1166.859072,377.0445082,384.2080758,713.4727378
Niacinamide,11.3651123,47.10822224,0.1192524781,0,2.116485192,3.727854959,5.966094954,3.911136264,2.194858861,0.188786458,3.724010268,0.00000001426059983,8.389418399,4.453072257,0.6109647895,2.578565477,1.128477944,0,0.3954403597,0.0000001148581553,0.0475203902,0.05494181393,1.293105549,0,0.4780387811,0.5592543188,0.1527562267,1.602810647,0.5589285208,0.2122952731,0.2866880976,0.0000001829807058,6.515687167,2.771894465,2.150621805,1.199537752,0.4981389171,0.000001878938829
Homocysteine,0,0,0.5952434145,0.03693456483,0,0,0,0,0,0,0,0,0,0,0.00000007172045727,0.09877292212,0,0,0,0,0,0,0,0,0,0,0,0,45106.15493,0.9432251603,0,0,0,0,0,0,0,0
4_Hydroxybenzoic_Acid,0,0,62.89215591,15.70895708,52.22092305,331131.5115,0,0,0.00987163459,7.89922998,159.6150804,0.05488455178,0,0,29.60335312,13.47881633,46.36974474,45.24476038,10.8467195,40.71700864,119.8548952,23.6279086,163.7858678,22081.4907,0,0.005674444745,25.6987264,2.03545101,76.19091374,21.56902111,137.1369556,6.315585867,0,0,89.05634795,18.5906703,61.17109303,675.030225
Citric_Acid,257550.5946,186414.3015,939078.8459,39567.28857,374277.6562,0.4090953685,416695.9135,280734.6073,281111.7489,351844.4841,796442.8824,158921.206,621458.7303,625567.271,893011.2995,503026.935,877400.7591,311190.7452,1213296.64,205332.6152,227559.1191,119813.5696,895969.6744,42324.10698,20106.2065,25542.88675,733346.7173,275177.7817,749255.9481,278411.146,815878.5414,200314.1179,353945.6525,343574.1967,861063.3011,165227.8191,172113.1708,536610.2566
D_Mannose,10.7523539,0,92.23161277,0.126197561,0.376989371,12687.22899,66.74434944,21.98353179,0.3519922198,3.935234348,4.633167259,0,9.018692309,0.1453876419,0.9967958769,9.004434217,1.151246536,8.487549546,0,0,0.001800043029,5.289083037,7.3872525,0,0,0,2.573774603,0.6979059516,11.56926144,0.3624747001,9.772322096,3.199861664,11.11081252,0.5990567736,0.772924471,3.657329023,0.4502956092,4.697245093
Glycolic_Acid,30214.56956,20423.44226,27956.74736,231.3891278,15449.82185,64950.06829,17790.51303,13482.63363,14906.12879,16703.61304,29155.45979,7794.992872,30046.10889,27238.90896,27481.34509,19818.65617,19967.22851,10514.80721,26403.85774,3944.565238,590.7693688,5687.575893,26465.78141,1331.231129,2033.14781,2322.339983,21341.74485,9596.533248,31783.92858,16141.55066,26969.34029,2834.641211,16117.98943,20904.3931,35540.71555,5072.943423,4644.441091,24054.99628
Propionic_Acid,90.34250326,67.814184,15530.80859,1034.685978,28448.15962,0.00005320688511,286433.079,200507.8461,185287.4414,181075.243,19160.8651,1718.970894,54.764826,54.00642298,18969.10949,26235.96516,24615.07454,9443.913348,18224.37263,1197.913914,8383.356137,188149.1795,6016.433675,585.4418715,59815.22213,0,16866.06701,768.9110807,47432.90777,42944.14189,41966.0897,1108.91382,29.01577908,30.62651496,1216.977446,248.0175474,215.2148385,224.5330163
Cobalt,0.00005320698361,9.641204356,0.00005320650583,0.00005320729723,0.00005320737736,18.97899261,0.00007749505161,0.00005320514383,0.00004070168448,0.00005320706287,0.00005320665229,0.00005320659663,0.00005320737395,0.00005320738397,0.00005320596115,0.00005320641451,0.00005320645672,0.00005320762465,0.00006842387085,0.00005320566146,0.00005320717746,0.00005320598394,0.00005320743454,0.00005320735559,0.00005320654151,0.00005320726075,0.00005320718917,0.00005320664973,0.00005320670813,0.000053206971,0.0000532073981,0.0000532073454,0.00005320738856,0.0000532072929,0.00005320526734,0.00005320877382,0.00005320877334,0.00005320636632
Agmatine,13.25056819,10.76199414,100.5066533,0.01464313832,11.48692151,0.01410601543,3.536136735,0.07043408729,4.067675596,3.827302244,24.1658444,35.66393694,15.730115,106.0333228,126.4665708,170.7344112,1103.822109,10.85787968,240.1621772,7.049252634,0.7679150645,6.62692926,412.4811248,5.429698043,1.368718335,0,560.2388906,0.003453219089,32.95578293,1.55760077,723.408731,6.637418685,57.01357294,27.77485028,480.3129825,50.84511814,45.48658523,0.3403666371
D_Xylose,0.07654032154,17.72752425,0.6176732067,0,0,0,0.8064341855,0.6910474637,7.241437475,0.1430394392,0.02001309536,0,0,8.082991211,0.6264090444,0.4789549978,0.02872770658,0.09099696979,0.01255623511,0.000000004244482072,0,0,0,0,0,0,1.154126949,0,0,0.0000000002384772535,0,0.000000000753256469,0.1845642733,0.03005979351,0,0.002669076841,1.000529169,0.08503073377
L_Valine,53.37026217,815.1815503,22.63805908,5.04259153,4.462868601,218.7643415,28.87895613,18.89739081,335.679913,135.8589312,6.182365471,343.4724712,20.1147768,396.8824747,943.5080133,2171.627165,8.607716348,21.49949453,1205.772918,8.222907986,0.2543372605,2.419699243,311.7077353,73.49688003,0.7515855917,0.1432729183,20.91783423,8.789359166,5.952212272,2.724617999,27.24722126,7.519695414,38.43703675,31.9221524,272.0681965,7.690508746,15.50215808,1.495903468
L_Lactic_Acid,1144.50724,2895.970773,1570.264727,1544.151532,1227.06528,13572.95047,1271.181191,903.1756187,2247.6267,851.3782423,1083.978696,4058.009755,1239.581314,828.4056598,113.0396056,476.6958868,18318.7998,1526.766758,1950.810718,11897.24766,163998.3823,26.77942351,1526.329682,1898.260949,166840.6934,281.9244799,71.12818257,6646.40387,909.1266424,135.6353378,3308.838992,6165.094929,1125.780138,1116.428815,1507.937288,115.4589126,157.9007846,3377.216331
L_Threonine,3283.907025,1338.348621,2809.341045,124.339544,2245.371977,1905.476653,4799.318664,3363.076001,847.1108539,3567.046479,4874.729077,748.2210095,3712.052472,2764.44239,4288.716842,2859.571289,4487.556204,1108.882572,5707.793681,1101.753448,699.3423205,2614.3673,4487.92673,692.1257075,244.2424807,278.6146925,4241.884112,1935.533051,4499.165284,1942.400986,3635.337466,3426.309157,2803.534389,2499.158113,3607.139321,3525.007334,3382.075162,2184.528321
D_Glucuronic_acid,0,0,1053.153964,356.7318938,335.9432874,68.3050936,0,0,13.49082778,68.20114675,900.8870741,410.6988291,0,0,829.4191651,755.3296492,473.8904964,479.5082877,676.0487654,215.5101777,266.1458433,731.0224478,920.9697132,383.379186,0,0,587.2543808,449.0118101,1014.845047,1015.470409,772.8537929,724.1443171,0,0,2249.883883,539.4198098,589.4661349,934.1091633
2_Dehydro_3_deoxy_D_gluconate,0,0,7.418419281,0,0,0,0,0,0,0.02340866949,0.2964071188,0,0,0,3.468653895,4.708009526,5.449279193,0,1.267170845,0.4772407037,0.01735996671,0.06748401971,2.02549851,0,0,0,0.1528333259,0.002448113823,4.03449384,1.885668547,0.1358548336,1.25424231,0,0,386.7430664,0.03633876517,0,1.38683285
D_Maltose,145.9202732,59.72489525,633.4574637,325.9766508,386.1584101,0.007946708504,215.4083835,176.068516,186.6081192,274.6732116,644.3533161,507.7256075,294.4508475,279.9004855,555.7021514,350.397598,474.016226,537.9383495,1053.612243,335.7204635,501.0725756,469.2117682,681.000944,653.1832503,627.8248885,131.3048206,321.6789369,300.5682243,522.6887514,557.5831955,588.9105101,557.2261002,396.646999,420.119761,694.3344672,546.7869634,559.0585859,619.4322173
Adenosine,13.45192645,4.687342383,14.92388489,6.922152872,5.386347279,517.8069093,6.80255638,5.890765735,5.184159614,5.670954752,23.61290301,20.46667533,12.33765606,13.41237215,12.96517978,12.3661364,12.68419534,23.75908746,10.18522422,8.118657485,10.69624457,14.10594394,30.50918919,18.39381145,0.2447611476,0.586044028,14.93607964,14.07660967,15.97927109,19.849124,23.78879449,4.540779713,20.7340149,12.25398729,25.53013733,6.633128576,1.281385231,22.23498329
Thymidine,0.00001728025593,4.838590578,11.23891279,11.53453864,11.6118507,14.83825957,0.8604755754,0.6068662786,0.3457562461,0.5716929254,10.58940214,13.74943086,2.851704455,3.091280273,7.077826068,3.38372336,7.499746273,0.0002573490887,8.629587849,0.1632253722,0.05525845494,0.1489104951,5.567525683,18.50576109,0.0000006192413094,0.0000009958961456,0.7581665272,3.569854716,9.653515433,10.29637596,6.634426409,18.00036153,0,0,11.42977214,12.77072598,12.83652374,16.1827714
Carbon_Monoxide,0.6028596673,0.04669928057,2.84144018,0.3401556928,0.4895877989,8.014939628,2.613660956,0.5753380926,0.5769751012,1.508526804,4.941547162,0.02435414901,1.015724796,1.095646107,2.046320532,1.315465213,6.203352597,0.3860004662,2.698425897,0.8006304209,0.9414967629,0.01139502193,2.193246916,0.05118277141,0.301901037,0.6093081337,1.962683007,0.1021353631,3.790454596,1.276646573,6.367713179,0.6601655641,12.66040568,2.076650082,7.686083058,2.318196239,0.4881175123,1.200859155
Potassium,0.00005320698363,3.137234285,0.0000532065058,0.00005320729718,0.00005320737743,0.2925632982,0.00007749505164,0.00005320514385,0.00004070168444,0.00005320706289,0.00005320665228,0.00005320659661,0.00005320737394,0.00005320738395,0.00005320596111,0.00005320641435,0.00005320645669,0.00005320762461,0.00006842387087,0.00005320566146,0.00005320717751,0.00005320598393,0.00005320743455,0.00005320735557,0.00005320654151,0.00005320726075,0.00005320718911,0.00005320664973,0.00005320670808,0.00005320697098,0.00005320739815,0.00005320734542,0.00005320738847,0.00005320729281,0.00005320526729,0.00005320877389,0.00005320877329,0.0000532062765
Alpha_Lactose,77.82344388,15455.21115,308.8313477,10.0022592,133.6435124,0.00005320688506,96.11740198,89.98433226,114.3184045,127.1757388,278.381204,42.7402852,195.9503331,248.5488827,439.3016688,247.9479294,275.7575361,36.65447173,387.8105671,426.2381075,48.52274665,96.07907803,259.3194275,18.93849591,4.800769531,2.043361821,234.792472,82.72874653,456.6254027,248.0176118,391.1844496,160.7979228,515.9278409,446.9774681,519.3181357,154.5634819,199.5907255,84.7308345
Taurine,23817.5211,10259.48927,116556.0883,3576.980565,44302.58028,76.36446444,61948.10872,37836.64399,36251.40608,37476.68595,114205.7267,11536.171,69591.01437,70076.22194,85291.80982,61745.39804,73798.5476,66182.45092,127163.7528,18282.97642,4083.582579,18747.83283,102239.935,6332.759199,2822.068723,2461.285958,80956.91863,24386.22615,127695.5069,39789.03803,96109.83967,15542.5207,32720.92869,34265.88536,116977.9318,25437.99935,23468.40831,27852.6454
Butyric_Acid,47710.55616,47430.03602,80944.5086,6145.722209,16374.34048,36072.65379,13039.2213,13664.77399,17068.88497,31000.09736,15480.51663,283.9589712,59805.06142,55646.80852,34311.07071,10017.94632,4782.003401,4896.412096,12582.33148,210.9977164,287.5090003,8863.286017,57599.68177,14256.50829,444.1352332,1262.455898,105885.6592,24542.80054,22502.93515,41530.02325,37093.37506,6272.823865,126764.6988,34254.93048,63698.30318,21552.91969,28878.96099,50064.23192
Pyridoxal,0,0,15.67767616,0,0,0,0,0,0,0,0.01509368489,0,0,0,0.2848003094,0,0,0,0,0,0,0,1.669663955,0,0,0,0.1635198055,0,0.1875480922,2.103244156,2.578402721,0,0,0,0.02872760234,0,0,0
Riboflavin,3.773252753,4893.536154,30.94419055,1.435815839,6.100929738,81540.90726,39.09931669,22.92531937,11.5007783,12.08505831,57.36232161,0.814561011,12.97628947,2.640108765,35.39825397,16.88590931,10.79576689,1.122106836,97.74403847,0.8284928545,5.58928873,2.060097053,20.11473238,0.6514590833,0.6634766606,2.527516489,7.513418034,2.181410427,27.66511151,5.509714575,26.59973927,1.251172517,5.33437236,9.329847183,28.47597718,5.786349292,26.62223515,10.62475242
D_Lactic_Acid,9021.943246,4312.598484,0.1160793555,13.13956885,0,0,11909.0181,8179.015593,5019.35966,4679.789747,0.1942807875,168.2414132,29857.79701,29910.77728,0.004887328121,34.93378939,13.16162102,0.01117953422,0,11175.63488,902.5216003,1618.838753,0,0,4967.291243,3974.414221,3217.958776,2218.998596,125.4781242,5613.432726,0,0,24863.25189,24764.2297,0.00652102525,753.5565218,753.5590257,1176.642922
Gluconic_Acid,573.0552284,670.3828917,3768.03945,1068.968959,2269.618719,1.898172456,1042.764779,1037.118657,1141.285285,908.6769788,4347.539721,308.9600097,2232.405318,1942.542919,3098.346463,2199.753003,2986.187338,2197.762783,2748.724921,2520.590072,1573.484055,2252.794061,4048.685197,1410.726976,4450.301333,18.83770404,3647.532333,1177.918925,3600.16886,1660.030533,3733.864043,559.2580983,2421.680668,2449.341251,3904.185693,756.2657915,903.7271709,4257.762291
L_Arabinose,720.8985209,296.9807314,2099.059572,370.2329555,1161.06342,1603.953337,743.5430213,595.3427875,737.0539894,1083.625473,1959.258656,517.6793123,1177.361879,845.3637962,1863.083111,1298.119878,1750.675141,765.8921912,2583.265781,1243.553298,637.5251137,1103.654211,2015.26493,650.3990603,40.52303956,23.35133464,1277.444473,322.4212416,2000.217971,773.8922454,1782.571459,1446.853731,890.3784356,1161.862605,2726.799792,1906.792179,1841.909599,875.4541166
Glycolaldehyde,0.000001306140218,130844.7189,52883.992,0.0000001318940017,0.0000001224533461,1685.213506,0.0000463666006,0.00003183353779,0.000002087623386,0.000001498587723,0.0000008271405025,0.000001005316496,0,0,0.0000003195952546,0.0000003140023785,0.0000007388125513,0.0000009123243731,0.000008549851399,0.0000002021801765,0.00000002877857413,0.00000003963638528,0.0000002890269873,0.0000002483691787,0.0001235322295,0.0001185909933,0.000000313608553,0.0000001570200036,0.00000005373854715,0.00000006259683367,0.0000007676278719,0.0000007207045955,0,0,0.0000002257856274,0.0000004408429429,0.0000004408402778,0.000001040565979
N_Acetylneuraminic_acid,0,0,134.3285656,0.001036557467,9.966491194,0.0000001506210115,0,0,1.45474282,4.88144022,117.403624,15.29867598,0,0,76.27010924,84.35612269,120.3334688,44.87627816,134.6456126,83.44404872,3.110792755,17.31154144,120.1614529,4.296722377,0.00001193464407,0.0000126451683,29.49605936,0.0005930952647,69.58425953,21.69373153,89.46637366,5.785044825,0,0,147.9140372,12.46799031,11.41734643,57.97167166
H2S,198103.7305,87924.34766,373120.4145,19188.11723,186455.1604,6.934847607,368576.5953,232662.1426,180630.6751,241115.2349,375267.1118,104054.4818,361652.6387,347527.8107,310010.4491,221916.764,342639.5774,226675.8773,783305.4349,98991.89436,59951.94776,74914.03532,385731.241,35974.0078,19054.18682,22805.41881,339002.9895,140528.0524,384067.0803,127664.7341,385358.5405,71304.90868,197328.3114,245103.9597,439398.5059,87565.99955,90213.59266,188088.6692
Inosine,8.83760183,3.181660813,38.16358673,3.76355381,12.73056824,144464.7696,15.5053515,10.75666034,8.976245479,12.08301084,30.40571432,3.284380484,11.72890052,9.015719565,29.70049918,14.66880124,30.02592068,5.445332699,25.87018133,4.603460521,1.493876127,6.050261952,33.15560055,2.552644618,1.467577306,1.070258909,27.87068557,11.00875429,25.88180207,9.393873979,23.51423627,12.90578955,13.47021665,8.719057755,35.81961662,10.23305297,8.056855349,15.59784777
Uridine,0.2572492078,0.02085854914,1.649811049,0,0.03055935199,5.551609645,0.01340766217,0.09353818125,0.02425312298,0.001705214949,3.841446428,0.001476780303,0.04727111745,1.020555912,0.1931225868,0.4680688885,1.178622942,0.0311905883,0.06254229917,0.2021194416,0.00804463853,0.01186354347,0.9300688721,0.0008314328402,0.08434300847,0.0425235214,1.872743656,0.004503463666,1.418846224,0.00000005589739041,1.5100264,0,9.582198562,0.4140940706,0.9180489075,0.8739069882,0.5791737262,0.01629961333
Mg2_,0.00005320698363,8.357039076,0.0000532065058,0.00005320729718,0.00005320737743,0.01144761623,0.00007749505164,0.00005320514385,0.00004070168444,0.00005320706289,0.00005320665228,0.00005320659661,0.00005320737394,0.00005320738395,0.00005320596111,0.00005320641435,0.00005320645669,0.00005320762461,0.00006842387087,0.00005320566146,0.00005320717751,0.00005320598393,0.00005320743455,0.00005320735557,0.00005320654151,0.00005320726075,0.00005320718911,0.00005320664973,0.00005320670808,0.00005320697098,0.00005320739815,0.00005320734542,0.00005320738847,0.00005320729281,0.00005320526729,0.00005320877389,0.00005320877329,0.0000532062765
Isocitric_acid,0,0,0,0,0,0,0,0,0,0,0,0,0,0,0,0,0,0,19.84986402,20.5321003,0,0,0,0,0,0,0,0,0,0,0,0,0,0,0,0,0,0
Spermadine,0.2255857254,0.2280660246,0.3483053713,0.004176577257,2.512056516,0.00005320688506,1.754852576,21.909259,0.2283242695,0.8265221235,1.269501192,0.4255497597,21.64204527,76.87411291,0.5423867865,26.17634288,0.9382550082,0.08622700984,67.64284603,0.3940275876,0.01666042119,0.00185348824,0.9127848472,0.164805228,0.01955414693,0.05505993794,0.03621699781,0.3823788692,1.084574616,7.955794598,16.23582151,0.07016511266,5.85363756,13.22075728,0.2218836618,0.1145706231,0.06112356234,1.158421898
Glucosamine,0,0,0.02677919359,0,0.1629816199,0.05629373294,0,0,0,0,0,0,0,0,0,0,0,0,0,0,0,0,0.000894711705,0,0,0,0,0,0.5978324516,0.3488058766,0,0,0,0,0,0,0,0.1412606536
Deoxyguanosine,1.525976616,0.007387833487,9.063273473,0.02535072221,5.275541509,20.94085912,19.60024235,16.76188366,0.8471996197,1.259206945,1.070986454,1.16019986,25.55221241,1.626091958,4.506512102,2.550409103,6.219738177,1.352468115,2.905842885,0.2665147535,2.654314062,0.608197744,6.502142913,0.3078336885,0.230443933,0.5707384305,24.94327497,16.83790942,7.150529017,13.57150972,19.48890111,1.404186631,4.984182367,2.082041084,1.87780348,11.85050213,0.3683375704,5.969955293
Gamma_Aminobutyric_Acid,0.00007707025757,16.50910183,61.52821492,5.42323732,6787.036356,11046.83237,0.2476436943,0.391501658,0.6867467714,34.24638916,22027.52285,110.7179346,4.299697814,3.913821286,4186.626963,7409.10279,14111.18775,440.5976369,5523.628442,3.206870214,428.760758,12.56333683,32309.57399,0.8897942629,19.5375734,0,11113.14371,171.8478981,16014.29217,8570.889078,17805.34401,31504.91028,5.012933183,5.675748551,29206.28147,168.784203,4.676574205,871.216205
Thiamine,19.64379308,2.592460027,51.32440621,0.00000001948952905,9.30953569,7.832981988,17.57220548,16.15356666,20.65492437,15.55060452,112.7321027,4.575312571,15.56400676,16.42501731,50.54162074,27.60216533,64.27299161,39.01141868,169.0523711,27.95628178,85.15955441,17.43059827,34.70158583,4.381596,11.30233638,0.8495757747,55.0002376,46.55892681,52.43877102,32.80572409,90.00611049,26.10118799,48.80151162,15.19743789,79.77952958,20.28527855,5.570561066,39.3932786
D_Xylitol,0.0000001930907988,11.49450023,15.79550483,40.81326155,5.205344674,1.484166715,795845.4672,546397.114,5.211723153,2.406345382,2.706716531,1.530980704,0.0000001455609808,0.0000001458039451,79.73084798,46.12915561,36.80476405,0.3019591307,35.19898546,2.156605658,0.00000003754957038,0.7353934052,55.16163275,0.02578785033,0.00000003677604606,37771.42191,1.500723386,0.03114421604,31.88055579,9.476947114,32.72450988,2.401466368,0.0000001584765697,0.001038907146,73.875238,1.700546513,1.712798404,71.23001251
Cytosine,6.550422494,136.5482435,250.9405559,7.497460962,24.21249687,3.533556222,7.053831953,4.402161638,1.064201872,8.91294141,22.0970807,0.372543695,5.897858455,19.48494299,11.86140391,11.66341418,10.21317064,5.829517359,32.66708082,8.793702325,5.264105715,4.448791842,28.97083187,49.86534092,184.1430754,0.9423553172,3.083855625,29.80348634,35.65154437,14.91281601,19.0809187,14.77826499,377.4461211,16.39740465,17.7619582,7.821399599,9.452079837,19.27840736
Malonic_acid,0,0,0,0,0,0,0,0,0,0,0,0,0,0,0,0,0,0,0,0,0,0,0,0,0.01806905295,0.01914470555,0,0,0,0,0,0,0,0,0,0,0,0
Xanthine,1012.176974,20.5367317,5.923442155,0.0001260687619,55.37109419,50.35162879,530.116288,2106.09892,49.47969334,251.1555228,162.4028883,24.3494783,183.2455298,100.5865374,263.1696472,107.6414661,351.1853023,168.1625198,131.2112759,196.9180274,28.86471944,214.7163647,746.3471987,57.85899622,12.69890708,4.610586755,147.2384669,22.28861191,297.5698163,333.7394722,487.173583,34.64078904,688.2370924,835.947948,964.3157716,185.4285904,117.3119545,93.43708551
Guanosine,0.05353189522,582.7743213,13640.26063,3883.656867,1.723249431,22.61986311,0.4513493103,2.59925408,1.324225709,0.6207017217,7.570003227,0.8143379275,5.201553898,13.56304121,0.5645622316,0.3487923613,24.70665185,2.986505146,9.308199763,0.86030156,17.23721464,0.09677059297,7.476245293,2.531441546,0.0003137838919,0.2992230009,1.078504657,0.2629531128,4.99932763,0.2303236959,14.76091586,4.148917689,1.670093475,0.06487042093,2.938979243,2.474256934,1.348764584,0.4462609137
D_Mannitol,2185.737753,969.9628123,1414.440395,2.133445237,4086.985645,7039.868749,2742.423302,2217.985305,4064.968585,3641.282781,12327.64233,869.7673283,5310.431821,3146.308638,7039.90148,5286.984128,12196.37718,3837.514405,11111.62121,4566.840601,5547.31804,850.3223298,10860.88084,937.9150546,575.8681481,244.5703865,7645.448189,3098.813311,9121.360041,2941.9844,13881.72297,5041.951905,9488.317659,4467.891434,16101.96319,3444.53081,3332.255411,9315.551881
L_Isoleucine,1.841597895,0.9795815377,392.8958059,3.377029774,466.2363482,7.704140023,2.387863477,0.0805318707,1.919733031,83.50430769,776.0779368,44.80349343,72.54457853,3.047391153,194.420688,1538.565028,115.4359001,51.09776402,157.0803208,26.86716183,814.9422087,528.7518672,348.9904035,2237.493533,5.555834473,19.82197294,260.5273082,2.574002747,345.2585466,14.58863784,940.9348,7303.333449,8.558219312,2.934116245,634.221343,4557.741309,4662.83418,36.56346973
Indole,104.3355492,233.1332262,185.1866884,503.91035,86.29600635,181.4293398,254.5080009,209.5792915,51.92909409,57.74179526,272.4511278,33.1364568,169.6671993,101.7928053,294.2834623,340.6165731,395.4033638,57.43807325,730.7803455,152.5612603,4.356459064,92.28356667,351.0965504,34.95485729,1.467152941,1.457637374,545.2679409,50.50223423,496.5719536,68.04477238,529.1968803,44.38885125,278.8836475,307.2642161,608.6271894,120.8008962,94.08897668,38.911284
Ethanol,204.6378229,65.16534969,0.2714291367,0,227.5124978,34.34249281,2057.114358,1332.011848,16.61841101,15.48756712,20921.93199,40.0176204,6.856120952,2.237059251,177.1530949,384.7041704,174.4962143,50.77623824,268.2484146,48.0071586,59.356271,31.80316307,169.7802613,118.2235169,3367.732093,46.68757055,70.66015085,1.699825778,135.8392835,63.56421914,333.8597322,923.185995,16.14465598,18.27434648,197.47033,36.78913003,36.99665693,107.4780068
Cytidine,0.02414535059,7.941232272,0,0,0.004707201038,0.4570122576,0.001591322555,0.0003348476937,0.001788817239,0.006263907044,0.07957477367,0.001141025227,0.001725759482,0.007197771894,2.066680537,0.05453408295,0.3957296415,0.007186185309,1.465934332,0.005661741398,0,0,1.854879055,0.000005383601095,0.02392377446,0.003150324999,0.3441016262,0.07357279835,0.3980089059,0.02579950572,0.01783022673,0.01202158585,0.2717610067,0.1923966062,0.01861689612,0.2857144168,0.0001350757911,0
Propanal,0,0,29.56589114,0,0,0,0,0,0.04650107063,3.70315589,53.48433459,0.0311406729,0,0,2.730071701,17.66188037,34.42748903,10.7496528,88.08214437,0,0,0,357.5936334,6.044805947,0,0,0.8105383171,0,0.001029416676,15.88574207,27.00766422,0.001748527136,0,0,12.10301797,1.201742808,2.758798675,0
Itaconic_Acid,43.35259921,0,2192.248584,3.104941462,2.72792232,0,1681.743119,1040.482877,190.4321869,676.5017472,2412.055488,11.89825346,105918.2341,105953.6546,145.3196813,0.8870102517,8.095596428,64.76709042,13.39275408,1.257566117,1.398698167,0,0.09636141413,15.91487873,6.487483009,83.23635672,6.02572504,117.72673,1734.268932,56.30174971,13.47921142,0,4138.904151,10841.79772,87.21102044,0.0002936782774,0.07481741606,0.1639935961
L_Cystine,0,0,0,0,0,0,0,0,0,0,0,0,0,0,0,0,0,0,0,0,0,0,0,0,0.00001033352698,0.00001094872482,0,0,0,0,0,0,0,0,0,0,0,0
Deoxyuridine,2.849616224,0.4362791652,42.61418693,0,2.337946238,1.341209458,5.904456722,0.02112914212,0.1406957196,15.62053102,6.472757404,0.3378975126,18.98331448,19.55309445,15.66160878,52.94218757,19.04470208,11.86322748,13.96496192,28.43859474,0.1142820783,0.9307980638,20.29967479,3.718468089,0.413763051,0,6.67447099,6.290945228,22.73563329,3.188134362,39.21669463,8.422977413,82.26360007,48.6667309,10.96914193,14.39627711,12.51819802,0.1966157021
Glyceraldehyde,0,0,36.02337191,0.0000009904537498,0.0000006618085526,0.001388275012,29.15090222,22.00538014,1.511394102,0.007930463443,0.00189778089,6.739164577,0,0,0.000001092676347,0.08055648693,9.478034237,0,0.1921640289,0.2544073572,0,0,0,0,0.01621863486,0,5.12543515,0,0.000001125371455,0.000001092124252,0,0,0.6797476964,0,0.4397487702,0,0,4.337675283
S_Propane_1_2_diol,0,0,13.91581619,0,13.85677164,0.02813642116,0,0,0.440737132,0,9.153709073,0,0,0,12.24387037,21.5122171,4.225318883,0.02815058093,80.06704844,0,0,0,56.19974029,0.5633749709,0,0,9.399777533,0,16.91307413,0,9.131329937,0,120.316121,119.8327078,21.04821624,0,0,2.70760875
p_Hydroxyphenylacetic_acid,0,0,222.7364424,1.020354033,36.20284237,7.49782643,0,0,1.232012668,0.4934791285,143.5072867,0.2250961185,0,0,77.64326507,131.6242683,142.0682997,6.382640227,122.0837915,4.716751974,0,7.322529191,285.4527551,7.664527632,0,0,27.31153778,0,84.18861001,0,222.7420398,11.20197493,0,0,299.2917102,14.73567236,24.77447483,64.79135691
Betaine,3.069794261,3.913308759,436.9133123,0,0.2090418845,0.01365584636,5.848360965,7.615475771,0.06925642208,1.569259111,0,0,33.91051209,111.7077194,0,0,0,0,0,0,0,0,0,0,0.0007158156678,0.2000627375,2.378951262,0.03581690342,0,0,0.09722759554,0.132292256,65.07420347,62.79460017,2.817933989,0.03623537585,1.345691386,0.8217882422
D_Serine,2.852745191,0,0.7269469147,0,0.2160703745,0.3284863968,0.8928130214,0,0,0.02238521853,0.01373701725,0,0,0,0,0.6480394356,16.03413995,1.365879476,6.055321125,0.2764975232,0,0,0,0.9340667233,0,0,1.915225048,0,20.57687595,45.65222251,0.8595601354,0,1.360848062,8.640050294,134.9233767,1.46916777,12.26150383,0
L_Idonate,0,0,292.7284743,1.119565301,0,0,0,0,0,0,0.2779323692,0.8367947396,0,0,6.288224217,4.02012264,0,0,0,0,0,0,3.569101057,0,0,0,0,0,1.197720346,0,0,0,0,0,1.730441579,0,0,0.1608724565
Sorbitol,0,0,1.368884775,0.1575203445,45.8347689,114.2334709,0,0,17.20214434,0.1043620677,967.896976,99.87152223,0,0,807.5139364,137.7553539,1114.272085,15.23217194,3376.656235,492.6408834,14.59375322,74.0528643,98.92489469,46.28048292,0,0,0,0,134.421766,469.5773799,422.2165332,295.0408862,0,0,649.2329707,24.66449997,57.78011444,403.4765625
Pantothenic_Acid,10.174503,7.488038416,680.5890712,0,3.271578641,0.802898512,13.18577494,7.653081112,0.2358618802,11.44020901,0.619037519,0.2305795782,42.84087051,5.987068083,3.512429489,5.485641943,0.3103562148,2.575596474,0.9325292782,18.06799292,0.3112842429,0.3427197718,0.8099581305,0.03936916548,0.02986403585,0.2212505416,12.08297593,71.92966144,2.967628459,5.598341536,9.141404796,0.166445107,23.42499143,7.049493527,14.11196153,1.005860547,1.960093089,1.929655993
L_Fucose,0,0,906.9334016,1.609692079,54.94578322,43.55363317,0,0,7.085102327,26.54567339,806.4751043,303.2544598,0,0,676.8509137,536.1711223,805.8809188,59.09761225,1493.345666,613.5144609,14.8436577,676.8179339,806.6726129,52.73931565,0,0,0.7870849091,4.730275172,908.9594111,92.46315122,725.1798124,65.2312416,121.4848292,120.9967206,1066.434315,147.160858,150.657048,255.6278602
Trehalose,32.70848008,58.87242284,252.6512834,0,99.28316189,34.05404827,58.59329463,39.40140447,17.13339563,45.96215023,664.1801413,33.29822912,83.387526,59.26495211,899.0076469,365.730612,1056.197544,19.32102607,483.2778304,37.18719075,4.326505241,28.52189799,646.8944817,9.588015406,108.4097286,2.9703353,268.0533771,60.7542269,1146.196614,58.20537338,557.8993216,45.15109897,69.38833066,69.47082608,985.8582511,44.84810145,48.93511353,48.46335615
Hexanoate_N_C6:0,0,0,5.186215942,1.259676378,0,0,0,0,70.86595287,2.723206135,58.3361196,245.5175807,0,0,0,0,0,0,0,0,0,0,29.25730986,2.024837874,0,0,140.8267498,98.41850917,0,0,0,0,0,0,0,0,0,0
Xanthosine,58.21628157,3.169066804,2.614109084,0,2.503236214,0.5934312158,0.5351905626,3.919596658,4.716561271,1.300916218,6.720099511,1.007512161,39.47376223,13.9705089,10.74704094,3.783608498,3.339737242,0.0331052852,3.763356667,1.78700951,2.463737167,2.316827281,3.463520791,0.008984890963,0.1696048636,0.07092171385,1.345000506,0.4336484721,1.320177774,0.9797129714,1.207885225,1.660860069,2.46147352,0.1362264513,5.161245994,29.74565275,0.1908799391,3.958233367
Propane_1_3_diol,0,0,105.2964832,10.43917512,0,0,0,0,0,0.1949408175,0,0,0,0,0,0,0,0,15.78026289,0.06886763289,0,0,0,0,0,0,0.3099876718,0,0.2559476221,0.4782055877,57.58397465,0,0,0,3.081575649,18.59425361,2.703052949,0
Dodecanoic_Acid,15.82186425,8.641871814,0.3519569955,0.004444409074,22.85875895,12.52167068,73.36814139,51.57464846,14.63866056,74.13808097,268.4605777,33.62287116,150.4660627,1904.409555,3.25318129,8.944809513,7.913022157,0.1484829853,43.41219297,155.5093509,2.41413634,30.94257023,79.44272369,42.65119218,0,0,64.7151711,85.32482963,98.80879898,343.1244533,59.36814509,122.8404244,0,0,269.2464912,47.69826497,86.69066579,285.440832
5_Methylthio_D_ribose,0.2271630315,8.416241748,0,0,2.519626251,0.05777934902,1.759582977,21.92316992,0.0005370324734,0.8305472678,1.275523795,0.4286672925,21.66483762,76.92294028,351.4188731,228.5909616,105.8004583,151.017655,30.14565311,0.1914570418,0.0006194148952,0.002104641415,0.9179527509,0.1661106275,0.02039910192,0.0563666523,0.000005808730128,0,1.090626286,7.965803495,3.914152373,6.803010737,5.864481713,13.23905852,0.224896475,0.1162936497,0.06233052339,1.162365388
S_Ribosyl_L_homocysteine,0,0,0,0,0,0,0,0,0,0,0,0,0,0,0,0,0,0,0.000000369328253,125401.2031,0.00000004768353679,0,0,0,0,0,0,0,0,0,0,0,0,0,0,0,0,0
Hydroxyphenyllactic_acid,0.0002300031756,0.0002300031756,0,0,0,0,0.0001107285121,0.00007602196898,65.51770746,0.00002773821366,0,0,0,0,0.5463861842,26.19764248,0,0,0,0,0,0,0,0,0,0,0.03720350158,0.385372258,0,0,16.25559231,0.07163572772,0.0006215946169,0.0006190971375,0,0,0,0.000008628087874
Quinolinic_Acid,0.000004179531279,0.000004179531279,0.001992910405,0.02498147535,2.755625475,7.217485336,0.2144175086,0.1194770196,0.07205181717,0.09558232031,0.0000001101502359,0.0000001159443753,5.967502648,4.06314258,0.5484725457,1.522147285,0.001645882604,0.0000009115594948,0.00002389075582,0.0000006608160636,0.0258483744,0.1572585345,0.0000002689063047,0.000000110583174,0.00006891564708,0.00007041441824,0.2698679157,1.957840221,0.4368398235,0.2397589958,0.0008384339716,0.0000004138822471,0,0,0.3186589667,0.0778432782,0.1102690059,0.03729609724
5_Deoxyadenosine,2.898917482,2.354945499,5.59252284,1.664677897,2.157580991,6.130035351,1.639321389,0.8851060131,0.5645188077,2.904428646,3.409878201,2.399271861,0.8994442844,0.6815778868,5.113107274,6.168125495,1.859602111,9.747624963,3.325963313,1.213421358,57.83703559,1.892571996,1.005672662,0.2374923484,7.085188009,0.1996421448,2.797123291,6.192652856,4.330385016,5.99284352,1.458974768,1.842121209,8.003513905,6.485700989,0.1681944121,0.1624913823,0.3784581661,2.327769919
Fe2,0.7591485658,0.9520737269,3.209406504,0.01266777716,1.611669842,0.8364862026,2.415340443,1.327523631,0.4922141342,1.281199281,2.845256013,0.1163137468,2.831246686,3.046467882,1.86034593,1.771975098,2.199099593,0.7019331669,2.217262314,0.3622809467,1.226019415,0.6375991347,4.241512886,0.1708108158,0.1350604569,0.3050711407,3.449818633,0.6099732541,2.375506304,0.8327909183,2.719420002,0.6484146097,3.09624279,3.696114499,2.622481407,0.6703881758,0.7941666886,2.142207051
Fe3,3.281882354,3.900611283,10.94019718,0.2072319812,4.630216311,3.781375412,6.303007292,3.607167144,2.809473871,4.331651563,11.19501126,1.53136283,8.716271807,9.888861461,9.244510911,7.384369766,8.734659678,2.427385369,6.720751462,1.60765967,1.670011438,2.134897378,11.02007252,0.7110383718,0.4367538762,0.6577802043,9.199990753,2.537487798,8.599512602,3.089334069,10.82943338,2.313673833,11.94666923,13.54961098,11.77544929,2.356536925,2.7241121,4.981349515
Hydrogen,171120.4663,100501.8274,1698518.668,29556.39425,39505.06238,238929.1363,58410.75678,49274.40957,146973.3602,131724.9445,468048.1465,51090.31811,283487.9794,23.8324259,1125694.214,1383798.388,1368959.786,270704.3609,323625.2971,90263.88078,69014.50394,86208.89976,1349045.34,7532.699835,1054.520516,38161.61822,510786.1096,454505.894,577631.5418,103280.6378,1266279.814,145157.7703,848965.752,0,1219631.864,501011.533,487240.5072,94192.95403
Biomass,1,1,1,1,1,1,1,1,1,1,1,1,1,1,1,1,1,1,1,1,1,1,1,1,1,1,1,1,1,1,1,1,1,1,1,1,1,1
