SuperClass,Class,SubClass,Metabolite,A1_Control,A1_Context,A2_Control,A2_Context,B1_Control,B1_Context,B2_Control,B2_Context,C1_Control,C1_Context,C2_Control,C2_Context,D1_Control,D1_Context,D2_Control,D2_Context,E1_Control,E1_Context,E2_Control,E2_Context,F1_Control,F1_Context,F2_Control,F2_Context,G1_Control,G1_Context,H1_Control,H1_Context,H25361_Control,H25361_Context,H25362_Control,H25362_Context,H25363_Control,H25363_Context,H25364_Control,H25364_Context,H25365_Control,H25365_Context
Nucleosides_nucleotides_and_analogues,Dinucleotides,NA,NAD,9652.564535,20608.36408,782.7498215,41.05015244,267.8566017,2083.129414,1188.800154,2127.503405,3824.730194,3332.485662,860.5831531,0.01517764829,3355.900966,1248.320842,11.87315555,115.4063539,557.7401348,1.04E+02,6.473898679,370.2001786,139.8748583,33.28020504,990.9339355,83.26196722,74.89231135,652.905543,439.5742686,1197.613893,108.5812262,23.99695097,114.7284652,652.5785911,8120.341206,7530.193805,1113.042143,520.0731836,1176.134243,611.2444969
"Nucleosides, nucleotides, and analogue",Deoxyribonucleosides,5'-deoxy-5'-thionucleosides,S_Adenosylmethionine,34.00284152,21.991833,168.4742181,13.35696653,341.267186,190.5214308,12.13991167,149.4346765,81.38093705,62.75494508,442.3998706,18.89278574,1089.023297,2106.40109,1049.410148,170.1908735,163.0883333,32.6518264,696.3914651,28.54836494,1.087339545,30.11359048,137.4229385,2.074386014,0.0799288297,0.08259669315,245.3177065,469.1771739,220.5178444,79.20525632,3166.079323,49.28761046,3260.072342,1044.695363,434.7057535,78.74303818,338.3464785,40.0301364
Benzenoids,Benzene and substituted derivatives,Benzoic acids and derivatives,4_Hydroxybenzoic_Acid,0,0,95929.27698,25950.10111,110954.8043,654530349.2,0,0,17.98884413,11529.96533,258053.6441,91.98453553,0,0,142252.5084,22737.0235,75116.1271,74546.41756,13921.63599,77019.55757,186414.2276,41582.01029,277428.5879,37898435.66,0,10.24564487,44924.09662,3171.982448,109984.4072,31758.32545,225498.978,8425.889265,0,0,134816.8535,23823.37405,78388.88108,974324.6401
Organooxygen compounds,Carbohydrates and carbohydrate conjugates,Sugar acids and derivatives,L_Idonate,0,0,446498.1441,1849.443767,0,0,0,0,0,0,449.3401281,1402.437899,0,0,30216.70095,6781.428034,0,0,0,0,0,0,6045.519552,0,0,0,0,0,1728.953699,0,0,0,0,0,2619.607633,0,0,232.1999704
Organic acids and derivatives,Carboxylic acids and derivatives,"Amino acids, peptides, and analogues",L_Glutamic_Acid,1329249.036,1323915.326,2091066.956,77993.61553,1421856.358,959660.6006,1906189.107,1906189.107,1076273.946,1206402.308,1386238.827,528439.9601,1929899.653,1924376.169,6816952.338,1658538.042,1900648.502,266457.3576,1439496.815,178681.8298,47093.06477,411018.0444,2236016.944,180940.2249,143187.0329,142735.7546,2433648.233,798722.5808,2024112.767,879925.3312,1796129.288,359171.6746,1046018.872,1229797.522,2195849.588,121225.0412,118874.076,1040823.768
Organic acids and derivatives,Carboxylic acids and derivatives,Carboxylic acids,Acetic_Acid,61336758.69,77521552.2,5112618960,480581610,3541263027,1470432933,200691195.7,136343779.7,284808260.6,387365769.2,4268179508,903077086.5,130679057.4,131385072,11587560546,2143085747,8020606987,2277299032,11670787980,2781180797,1201104112,490696982.8,8911755090,986789377.6,8944342.752,9262689.299,1993575025,621950612.3,7136136041,210322464,7534594445,1503239502,1470455745,471970353.1,4561249296,1305602409,1224898299,1625850811
Organic acids and derivatives,Carboxylic acids and derivatives,"Amino acids, peptides, and analogues",Glycine,83650038.53,80518601.98,265134572.4,17404443.73,53216154.49,201820207.5,147262572.6,147323787,126129403.3,146777637.6,335941741.1,49532454.86,138956576.5,166405270.2,789163570.2,200912326.1,233511922.3,87261641.91,291779435.5,89437006.07,17669637.91,53543320.89,345008673.9,25744719.7,9386268.309,2521608.365,254504886.5,87119465.46,241849429.7,88822485.42,297436044.5,54538565.97,247713153.5,240362829.4,312360696.5,63601622.01,62282592.54,124183996.2
Organic acids and derivatives,Carboxylic acids and derivatives,"Amino acids, peptides, and analogues",L_Alanine,17475143.62,17471848.4,9469128.299,388263.4934,1722627.839,877406.7009,376511.4564,374198.5976,35972938.1,1487231.672,18650054.21,2817181.83,11263969.84,10557350.5,39230997.97,7943420.777,12733728.33,1935214.208,9479799.723,2121906.979,616237.3278,2780849.438,14562653.54,1433778.863,1796228.065,5268830.352,6724548.841,981394.3485,15348150.43,5517367.474,11201066.8,1626944.026,13691233.78,15804091.37,17053339.54,3955763.38,3924289.413,7457549.211
Organic acids and derivatives,Carboxylic acids and derivatives,Dicarboxylic acids and derivatives,Succinic_Acid,2868930475,2374939559,1921302408,203258385.4,814587883.4,477353583.5,1791059271,2065651254,1277435896,1666348188,2214865991,658344060.9,3371950676,3948641538,9135472047,1445603062,919367117.7,372285956.3,619232863.5,441561374.9,169969831.8,601492001.9,871193770.4,75642262.19,21903160.25,103228953.5,2619894687,849847751.8,902971694,1685800318,564622857.7,89210311.9,1534782542,3598615269,2558627599,178059563.3,206828840.8,2043413917
Organic acids and derivatives,Carboxylic acids and derivatives,"Amino acids, peptides, and analogues",L_Lysine,472958.0725,402676.3066,514624.649,112414.277,167721.7654,53341.95533,623214.9104,204875.7995,568394.6498,1018036.237,255498.4097,49812.62206,1356540.376,527523.6627,1133517.907,90628.09796,48668.76487,360135.8748,32853.05613,43037.07715,22965.54715,1864187.058,166739.72,32618.91268,155052.3638,3698.065588,26553.7781,2578.64237,161383.9263,275555.3519,568654.4527,72400.40439,1214126.702,642570.4012,532318.7659,76510.04552,37716.34429,30944.12344
Organic acids and derivatives,Carboxylic acids and derivatives,"Amino acids, peptides, and analogues",L_Aspartic_Acid,5260082.159,5094511.472,3742455.666,135922.2937,1572737.549,1313477.508,5001820.962,5099699.858,3773784.668,4137104.988,4178268.961,776105.1398,5661378.871,5517766.394,12654722.6,2984411.026,3363504.109,656994.3302,3682509.228,1105491.786,233058.6645,923259.2592,2677493.348,339070.6149,542431.8684,477273.4758,4189730.915,2139084.576,4172511.094,1743354.866,3669842.966,775502.2086,5566091.283,6251654.115,3732773.938,891793.9064,942984.0187,2276227.453
Organic acids and derivatives,Carboxylic acids and derivatives,Carboxylic acids,Formic_Acid,21720752.28,21846668.2,10187274.03,10038026.3,102967171.8,20124570.97,14984226.59,17878482.86,35033966.37,61111213.1,3832702.535,145869.6908,433420645.3,375249290.1,44420436.49,13041930.02,2516893.049,11286703,18931861.56,2290499.537,270624.5805,487940.0906,17066629.52,4498955.998,6566698.697,1886949.057,848108.3038,8812971.438,3079644.925,6428127.764,8119148.392,20078599.89,17771846.27,19325321.05,4059150.758,2555662.528,2358026.149,27930612.87
Organic acids and derivatives,Carboxylic acids and derivatives,"Amino acids, peptides, and analogue",L_Arginine,498613.8658,441879.5834,336251.9258,19373.90323,491194.4147,124765.3827,187076.5978,402478.5961,157085.0388,190399.0577,152366.1632,40224.13216,553840.9107,1291363.935,696582.3161,498929.2262,772468.6107,108235.5042,689438.6007,56243.34639,33650.82328,77446.63523,772446.6418,137584.1948,73951.62193,31236.18139,79297.67547,155443.1644,59793.61059,50027.7338,721747.0818,33975.0812,354797.1609,345564.003,371484.1729,22433.9057,167591.7656,24360.41967
Organic acids and derivatives,Carboxylic acids and derivatives,"Amino acids, peptides, and analogues",L_Glutamine,17460408.78,13588502.4,6765347.337,856725.9732,1758732.89,4060447.708,17866429.41,22581014.55,6236439.796,4341290.484,8789571.029,742957.6452,9326988.429,12965703.37,23590278.75,3116824.455,4203256.967,249699.4896,12359712.19,3323079.275,23559318.59,6105195.938,10626175.3,3810850.716,627818.6634,241061.5686,1187349.378,1939470.582,5908146.433,10092036.53,2557553.386,3909284.767,4004496.216,6885419.775,3518127.739,574819.6898,1174532.766,18195500.72
Organic acids and derivatives,Carboxylic acids and derivatives,"Amino acids, peptides, and analogues",L_Serine,22339812.53,23203047.55,20231244.63,745516.7463,14062127.33,10369313.67,22482402.19,22797854.04,16774041.93,19024813.8,21626730.81,3156760.012,25461519.97,25419091.55,61700299.41,17347026.47,21846576.59,3637434.141,20082517.76,3390991.593,823839.9498,12711033.67,22463065.88,1559772.577,1732118.241,2080559.995,23681535.15,10804382.11,18861686.8,6916086.276,21381896.66,3877877.159,24552818.48,25201540.69,19761789.8,3927782.945,3440768.59,19901237.89
Organic acids and derivatives,Carboxylic acids and derivatives,"Amino acids, peptides, and analogues",L_Methionine,50481.69118,65512.03867,5502082.678,3520996.485,279.0724039,24304.00447,20082.89909,412.5677792,17290.03295,6013.176463,116837.1085,226.2477631,121067.2976,299616.8428,215516.0483,834.6010221,39752.6942,508.8602578,419.4870376,50.32982213,54.06722851,111.9094406,157153.3296,243003.8572,156.5798601,391.7667175,21666.12406,184880.0298,3066.610517,419.8626823,10057.72255,333362.5693,387362.3298,759646.7429,227152.4671,44465.04289,5823.727817,10535.64851
Organic acids and derivatives,Carboxylic acids and derivatives,"Amino acids, peptides, and analogues",Ornithine,84055.72434,14013.5466,0.0811558166,0.08789468105,100638.7143,140314.0775,8043398.059,1973475.633,36721.61259,36646.73533,166491.3202,1514089.874,127748.407,56215.30467,551613.8961,226600.0152,172971.809,1879953.18,58010.77993,822948.0937,2652213.117,102402.9999,340414.7393,20108.63519,6041.415555,20079.71392,355651.4214,39998.75969,201643.9621,473578.2888,224517.0817,48824.06324,162364.9121,74450.51136,315461.851,64581.5514,58010.10954,11900387.22
Organic acids and derivatives,Carboxylic acids and derivatives,"Amino acids, peptides, and analogues",L_Tryptophan,1790.666107,409.8007747,201496.7382,2504141.194,99211.08985,59372.21352,10677.49053,1020104.495,12466.2417,15313.07783,170784.9411,17602.17567,4.588234699,1234.273355,389444.102,212586.4142,213490.0573,45414.38272,439713.1977,95234.74029,1203.123426,51123.81966,100046.026,47499.30897,857.7683757,6.268876099,196598.3158,32139.89852,307477.7956,68682.75103,232699.9125,39409.7785,661124.1123,694285.244,226881.7932,52652.68646,46976.92779,18687.80536
Organic acids and derivatives,Carboxylic acids and derivatives,"Amino acids, peptides, and analogues",L_Phenylalanine,60511.91825,34355.67474,142886.8847,4456.496521,28890.65248,1411.090527,52577.59763,78876.25201,33450.28696,1811.194378,29171.16234,3331.867403,170023.5229,71011.53575,400540.1195,20795.28904,164448.0705,33548.51154,422724.0856,383.9802094,10360.54286,654.1840716,241695.9959,68950.87252,772.4906964,6862.841357,13899.33285,56258.2534,135248.8405,42159.49117,61277.17727,13832.22174,115483.9917,1834.102776,24009.08115,56254.29798,69339.95703,36106.09007
Organic acids and derivatives,Carboxylic acids and derivatives,"Amino acids, peptides, and analogues",L_Tyrosine,33960.56947,14223.0298,122292723.5,444463179.2,26697.63537,14768.73526,10147.89214,2231034.642,10882.25657,9054.013757,38042.7195,61650.20958,95650.03414,113839.3071,83930.2552,12284.25712,42387.09724,35352.14182,65504.55312,21659.93794,116645.6822,21073.30939,20215.49469,8192.20328,19257.13981,4716.158107,66461.72735,63932.88437,20237.21825,33930.60533,63965.30888,22486.95077,190910.3317,7647.738821,84642.67218,14127.05606,52112.45839,604463.2464
Organic acids and derivatives,Carboxylic acids and derivatives,"Amino acids, peptides, and analogues",L_Cysteine,178912205,134178876.8,155584604.4,13426724.41,135049744.1,105537017.9,203666972.8,199227140.4,152759028.1,179846552,193506190.3,84074399.13,237725217.8,254828377.5,489187202.5,134072564.4,214671657.8,93522717.24,198286338,71020832.86,61719618.77,43813505.24,210622415.6,26082707.35,17494021.28,20945444.96,221551177.8,107132069,146924611.9,59053264.74,224303346,44289637.85,214345310.8,249469524.9,199590632.8,37022951.46,42290615.63,126428848.2
Organic acids and derivatives,Carboxylic acids and derivatives,Dicarboxylic acids and derivatives,Fumaric_Acid,21823.39926,16497.5584,138868.5668,286221.5091,167399.0068,36830.01147,17158.15991,15339.56701,973194.5421,730878.1506,673938.0022,281911.7608,232598.7523,228185.1241,17655259.36,5026.446576,591983.6522,268450.5784,743190.6423,19532.05087,3652.43589,6148.902407,34822.98601,11658.34481,1595.793391,1918.629653,49614.18648,33711.33205,172923.3197,2493.259903,4034473.727,66480.18915,22591.15743,25783.27262,9197.696569,40370.14005,74027.97402,25043.9936
Organic acids and derivatives,Carboxylic acids and derivatives,"Amino acids, peptides, and analogues",L_Leucine,10453.01668,104424.4474,5440.143134,5305.684943,4535.588858,4636.674637,5585.414242,8023.114245,14756.86525,5469.334461,133102.5412,2797.71424,34894.39092,71198.06765,376608.8548,118909.8813,54270.66156,1770.159319,15847.33231,41112.38047,3040.037746,2576.289542,67442.37205,6352.856373,268.8180481,361.868751,182817.3827,3004.27074,10609.42719,8252.907804,10547.92464,7632.190211,37901.04922,17801.07958,48928.93442,20856.77489,568.7132972,2269.472329
Organic acids and derivatives,Carboxylic acids and derivatives,"Amino acids, peptides, and analogues",D_Alanine,0,0,4.191629368,28.12806684,14.29460203,123145.5895,0,0,0,0,0,0,0,0,0,0,0.5383696748,0,0,0,3761643.887,0,0,0,0,0,0,0,0.0205162472,0,0,0,0,0,0.003498455761,0,0,0
Organic acids and derivatives,Carboxylic acids and derivatives,"Amino acids, peptides, and analogues",L_Histidine,5410178.217,6598548.739,1985421.856,19670.94848,1184709.454,40133.75072,4212867.311,4455957.797,1724538.299,1493059.271,3915167.871,194272.1988,8653595.025,9261598.251,3218464.357,1994736.895,2542785.887,434804.756,1264896.51,2453217.319,516476.9255,751576.5471,8078820.008,2009329.789,419067.6679,228684.4501,4368368.129,2625623.031,710300.2104,1932738.82,3757912.359,1143173.047,1697359.813,6787840.845,5678461.287,867645.7816,717484.5006,920156.7259
Organic acids and derivatives,Carboxylic acids and derivatives,"Amino acids, peptides, and analogues",L_Proline,152356.6511,691723.0075,6742493.194,641711.3247,1447140.698,16217.75206,16987.89624,198905.3086,88426.39008,1209537.144,1192127.123,3684118.94,45944.96088,2655570.612,20399925.84,845912.2223,5817645.29,2891940.317,25835816.4,6753513.51,3386326.477,2457630.345,4289071.641,3977097.434,468.8383029,116736.1532,2647723.215,18271491.91,1279757.297,38843.57542,1454299.782,6853414.012,18015422.06,16265155.42,4953711.775,9390867.149,7955415.624,3163997.135
Organic acids and derivatives,Carboxylic acids and derivatives,"Amino acids, peptides, and analogues",L_Asparagine,615230.8046,137713923.9,1223044.93,43999.73,817207.4704,5463.820014,721620.544,550540.6046,916871.7472,678120.3081,2049550.017,213247,1600996.049,1782681.781,5234774.015,937421.2499,1898359.776,513243.3478,2066121.467,741716.8456,346009.0341,401048.8426,1826933.364,213118.9166,72396.52579,95.98764789,1713582.542,927579.3011,1929710.319,757987.8749,1755064.15,473860.7611,1046995.782,2131624.339,1766435.208,483170.9781,492350.8748,1029811.766
Organic acids and derivatives,Carboxylic acids and derivatives,"Amino acids, peptides, and analogues",Homocysteine,0,0,907.9235646,61.01332422,0,0,0,0,0,0,0,0,0,0,0.0003446371399,166.6171714,0,0,0,0,0,0,0,0,0,0,0,0,65112406,1.39E+03,0,0,0,0,0,0,0,0
Organic acids and derivatives,Carboxylic acids and derivatives,Tricarboxylic acids and derivatives,Citric_Acid,422546791.2,305838024,1432375046,65362400.15,795234968.1,808.63743,457048092.2,448496401.1,512263231.3,513563311.1,1287628886,266346227.6,1108276372,1113744308,4291172587,848541515.8,1421335125,512725783.9,1557251865,388403463.5,353930119.7,210856117.9,1517637662,72640813.39,33302098.83,46119639.58,1281967762,428828347.7,1081578724,409933846.3,1341576940,267247506.6,683307117.4,665960316,1303510054,211734384.8,220557753.8,774532125.7
Organic acids and derivatives,Carboxylic acids and derivatives,Carboxylic acids,Propionic_Acid,148219.168,111258.3952,23689110.63,1709229.046,60444354.44,0.1051712685,314170809.1,320327615.7,337644882.6,264303138.2,30977844.01,2880933.416,97664.67134,96151.68343,91151951.47,44256687.06,39874902.88,15560031.75,23390766.37,2265952.306,13038907.22,331117800.1,10190932.35,1004793.173,99072514.7,0,29483672.16,1198246.698,68471159.94,63231151.17,69006274.01,1479448.66,56016.19407,59364.30551,1842306.291,317826.8834,275791.2202,324086.3033
Organic acids and derivatives,Carboxylic acids and derivatives,"Amino acids, peptides, and analogues",L_Valine,87561.17632,1337416.242,34529.78528,8330.009392,9482.343152,432420.0383,31675.54894,30190.12102,611701.4944,198303.9829,9995.183003,575647.513,35871.62068,706599.6221,4533823.619,3663254.745,13943.96969,35423.11381,1547595.257,15554.30411,395.5790365,4258.352295,527985.9489,126142.6059,1244.858281,258.6902341,36566.59056,13697.05921,8592.238968,4011.740017,44803.53613,10032.34256,74204.33221,61875.67897,411867.0822,9855.151187,19865.5405,2159.156071
Organic acids and derivatives,Carboxylic acids and derivatives,"Amino acids, peptides, and analogues",L_Threonine,5387696.263,2195743.001,4285082.159,205400.2516,4770785.227,3766456.093,5264077.156,5372787.836,1543669.893,5206573.594,7881094.939,1253991.511,6619876.501,4921744.024,20608500.87,4823727.692,7269564.326,1827023.119,7325885.572,2084056.907,1087709.92,4600942.461,7601871.833,1187894.511,404541.1169,503060.1799,7415262.87,3016273.462,6494711.799,2860000.106,5977709.505,4571183.443,5412342.228,4844194.188,5460623.353,4517188.832,4334025.674,3153102.915
Organic acids and derivatives,Carboxylic acids and derivatives,Tricarboxylic acids and derivatives,Isocitric_acid,0,0,0,0,0,0,0,0,0,0,0,0,0,0,0,0,0,0,25477.06532,38838.14979,0,0,0,0,0,0,0,0,0,0,0,0,0,0,0,0,0,0
Organic acids and derivatives,Carboxylic acids and derivatives,"Amino acids, peptides, and analogues",Gamma_Aminobutyric_Acid,0.1264442433,27085.42768,93848.86057,8958.809681,14420547.29,21835696.09,271.6251212,625.4557868,1251.442252,49987.11023,35612440.42,185559.2778,7667.851878,6968.069436,20117930.04,12498200.15,22859254,725939.8688,7089511.67,6066.05773,666865.591,22109.81979,54727551.33,1527.152812,32360.26649,0,19426952.67,267802.3268,23117224.14,12619816.32,29277935.02,42032028.53,9677.680455,11001.47606,44213568.83,216291.7817,5992.886527,1257495.419
Organic acids and derivatives,Carboxylic acids and derivatives,Dicarboxylic acids and derivatives,Malonic_acid,0,0,0,0,0,0,0,0,0,0,0,0,0,0,0,0,0,0,0,0,0,0,0,0,29.92794226,34.56723309,0,0,0,0,0,0,0,0,0,0,0,0
Organic acids and derivatives,Carboxylic acids and derivatives,"Amino acids, peptides, and analogues",L_Isoleucine,3021.391903,1607.136788,599283.1705,5578.617575,990621.3779,15228.37086,2619.100431,128.6562228,3498.283688,121885.5224,1254704.375,75089.04418,129372.1342,5425.498918,934246.5509,2595360.627,186999.0398,84189.97517,201610.7309,50821.43767,1267506.197,930533.7157,591137.1727,3840207.431,9202.180865,35790.09127,455429.3385,4011.244433,498393.5052,21480.37716,1547211.215,9743684.94,16522.00592,5687.286764,960108.1545,5840605.759,5975279.105,52774.95461
Organic acids and derivatives,Carboxylic acids and derivatives,"Amino acids, peptides, and analogues",L_Cystine,0,0,0,0,0,0,0,0,0,0,0,0,0,0,0,0,0,0,0,0,0,0,0,0,0.01711551788,0.01976876176,0,0,0,0,0,0,0,0,0,0,0,0
Organic acids and derivatives,Carboxylic acids and derivatives,"Amino acids, peptides, and analogues",Betaine,5036.415142,6420.31544,666422.9831,0,444.1553312,26.99279766,6414.707068,12166.34283,126.2043251,2290.540115,0,0,60474.19959,198881.6271,0,0,0,0,0,0,0,0,0,0,1.185612219,361.2286051,4158.658864,55.81592895,0,0,159.8746547,176.4966739,125628.5141,121716.6835,4265.894599,46.43452328,1724.462271,1.19E+03
Organic acids and derivatives,Carboxylic acids and derivatives,"Amino acids, peptides, and analogues",D_Serine,4680.316613,0,1108.810645,0,459.0888999,649.3018892,979.271634,0,0,32.67417131,22.20897518,0,0,0,0,1093.158888,25974.31798,2250.457753,7771.93293,523.017717,0,0,0,1603.137582,0,0,3348.016309,0,29703.4829,67218.54147,1413.404076,0,2627.174991,16747.27229,204252.089,1882.693456,15712.7414,0
Organoheterocyclic compounds,Diazines,Pyrimidines and pyrimidine derivatives,Uracil,175135.2445,130812.1247,98339.69182,1517.59274,56338.7159,26123.79081,77014.44291,139636.8832,8884.247048,58656.59872,207110.9657,11562.16115,375371.9331,447312.9792,277890.4986,173143.2371,185136.7586,11108.33356,189728.3088,58890.97789,5616.782521,3723.513735,185834.0501,9022.58414,396552.1634,1035.411072,71669.09998,65973.78302,114642.1214,61280.02399,360203.8663,475753.1144,1218665.798,779882.3824,57525.55659,494129.6063,440196.0462,55225.90762
Organoheterocyclic compounds,Diazines,Pyrimidines and pyrimidine derivatives,Thiamine,32228.31516,4253.283389,78285.01198,3.22E-05,19780.15037,15483.04603,19273.8703,25806.63846,37638.97575,22698.15304,182256.7758,7668.059373,27756.01998,29242.68962,242866.8232,46561.29041,104118.283,64276.20529,216976.7156,52881.59728,132451.4325,30675.55952,58779.25905,7520.127891,18720.16599,1533.974171,96146.24279,72555.95831,75697.30904,48303.29837,148000.1203,34822.69489,94213.39121,29457.65612,120773.2565,25994.96257,7138.503292,56859.4421
Organoheterocyclic compounds,Diazines,Pyrimidines and pyrimidine derivatives,Cytosine,10746.85931,224025.9714,382759.1175,12385.28242,51444.75994,6984.595871,7736.913975,7032.811776,1939.269674,13009.61052,35724.89631,624.3698388,10517.92637,34690.50471,56997.41014,19674.67438,16544.70664,9604.861017,41927.81125,16634.00837,8187.435307,7829.288291,49072.22511,85583.82404,304997.9068,1701.494746,5390.906378,46444.81006,51464.32533,21957.69858,31375.40604,19716.30613,728675.7704,31783.58819,26888.72126,10022.8838,12112.55064,27826.05374
Lipids and lipid-like molecules,Fatty Acyls,Fatty acids and conjugates,Butyric_Acid,78275658.59,77815427.12,123464493.7,10152304.31,34790877.63,71302929.09,14301919.04,21830589.45,31104221.74,45248720.28,25027733.71,475905.0266,106653158.5,99072184.79,164874426.7,16898982.47,7746550.629,8067453.061,16149273.4,399119.4664,447172.1253,15598217.2,97565184.28,24468427.85,735625.3617,2279460.876,185099351.2,38246723.76,32483820.72,61148996.4,60993902.97,8368838.676,244724635.8,66397373.68,96428890.3,27619405.83,37007503.49,72261675.02
Lipids and lipid-like molecules,Fatty Acyls,Fatty acids and conjugates,Itaconic_Acid,71125.83728,0,3343832.289,5129.146668,5796.069265,0,1844600.485,1662256.144,347020.0295,987443.2964,3899629.702,19941.04502,188888932.5,188637234.1,698302.287,1496.271812,13114.367,106711.9049,17189.4412,2378.789336,2175.440877,0,163.2217199,27314.68702,10745.27909,150289.6212,10533.60582,183461.6109,2503481.466,82898.95408,22164.32752,0,7990330.279,21014986.29,132023.3272,0.376339709,95.87622585,236.7049587
Lipids and lipid-like molecules,Fatty Acyls,Fatty acid esters,Hexanoate_N_C6:0,0,0,7910.524585,2080.89749,0,0,0,0,129137.3347,3974.877602,94313.44585,411478.6383,0,0,0,0,0,0,0,0,0,0,49557.47566,3475.226783,0,0,246180.0797,153372.2905,0,0,0,0,0,0,0,0,0,0
Lipids and lipid-like molecules,Fatty Acyls,Lipids and lipid-like molecules,Dodecanoic_Acid,25957.92092,14178.16647,536.8392865,7.34185371,48568.44683,24750.93189,80472.99712,82394.7017,26675.68179,108214.2823,434026.8488,56350.72323,268333.1554,3390563.095,15632.45883,15088.73918,12818.60794,244.6443419,55719.0354,294158.6772,3754.784986,54454.85234,134564.0069,73202.18931,0,0,113128.9759,132967.5146,142634.1626,505218.0163,97621.0678,163886.5871,0,0,407595.4785,61123.86426,111091.4315,411999.3826
Homogeneous metal compounds,Homogeneous metal compounds,NA,Potassium,0.08729329566,5147.059678,0.08115577465,0.08789474274,0.1130507429,578.2945782,0.08499955089,0.08499955089,0.07416970821,0.07766270787,0.0860205093,0.08917234299,0.09488719436,0.09472909435,0.2556697344,0.08975235388,0.08619117888,0.08766623511,0.08782122768,0.1006428675,0.08275485855,0.09363553113,0.09012537913,0.09131971971,0.08812649487,0.09606978699,0.09301180406,0.08291555935,0.07680585463,0.07834218771,0.08749074127,0.07098616186,0.1027191236,0.1031333141,0.08054413739,0.0681854125,0.06818541235,0.07679683706
Homogeneous metal compounds,Homogeneous metal compounds,NA,Mg2,0.08729329566,13710.85961,0.08115577465,0.08789474274,0.1130507429,22.62790459,0.08499955089,0.08499955089,0.07416970821,0.07766270787,0.0860205093,0.08917234299,0.09488719436,0.09472909435,0.2556697344,0.08975235388,0.08619117888,0.08766623511,0.08782122768,0.1006428675,0.08275485855,0.09363553113,0.09012537913,0.09131971971,0.08812649487,0.09606978699,0.09301180406,0.08291555935,0.07680585463,0.07834218771,0.08749074127,0.07098616186,0.1027191236,0.1031333141,0.08054413739,0.0681854125,0.06818541235,0.07679683706
Homogeneous metal compounds,Homogeneous metal compounds,NA,Calcium,0.08729332124,0.08729332124,801.5060733,107.5660012,0.1130507662,0.1051713235,0.08499957996,6436.737493,0.07416970032,0.07766268989,0.0860205191,0.08917236435,0.09488730067,0.09472914829,0.2556699459,0.0897525096,0.08619121519,0.08766623228,0.08782117165,0.1006430075,0.08275491148,0.09363563526,0.09012541741,0.09131964772,0.08812645535,0.09606978553,0.09301171754,0.08291555446,0.07680585481,0.07834210944,0.08749062801,0.07098611099,0.1027191035,0.1031334473,0.08054417129,0.0681854824,0.06818551302,0.07679693576
Homogeneous metal compounds,Homogeneous metal compounds,Transition Metal,Cu2,0.08729329566,0.08729329566,0.08115577465,0.08789474274,0.1130507429,0.1051712684,0.08499955089,0.05835814395,0.07416970821,0.07766270787,0.0860205093,0.08917234299,0.09488719436,0.09472909435,0.2556697344,0.08975235388,0.08619117888,0.08766623511,0.08782122768,0.1006428675,0.08275485855,0.09363553113,0.09012537913,0.09131971971,0.08812649487,0.09606978699,0.09301180406,0.08291555935,0.07680585463,0.07834218771,0.08749074127,0.07098616186,0.1027191236,0.1031333141,0.08054413739,0.0681854125,0.06818541235,0.07679683706
Homogeneous metal compounds,Homogeneous metal compounds,Transition Metal,Cobalt,0.08729329563,15817.70747,0.08115577469,0.08789474282,0.1130507428,37514.78259,0.08499955086,0.08499955086,0.07416970828,0.07766270785,0.08602050932,0.08917234303,0.09488719438,0.09472909439,0.2556697346,0.08975235416,0.08619117893,0.08766623518,0.08782122766,0.1006428675,0.08275485846,0.09363553114,0.09012537911,0.09131971975,0.08812649487,0.096069787,0.09301180415,0.08291555935,0.0768058547,0.07834218774,0.08749074119,0.07098616183,0.1027191238,0.1031333142,0.08054413746,0.06818541242,0.06818541242,0.07679696671
Homogeneous metal compounds,Homogeneous metal compounds,Transition Metal,Fe2,1245.486507,1562.006482,4895.301186,20.92628406,3424.346056,1653.43855,2649.238223,2120.827129,896.9500701,1870.078897,4599.995693,194.9376578,5049.094414,5423.85515,8939.489861,2989.093289,3562.405735,1156.522933,2845.829914,685.2840903,1906.867982,1122.090585,7184.483901,293.1623956,223.7019043,550.8293246,6030.648491,950.5630182,3429.131372,1226.205161,4471.635151,865.0772571,5977.428232,7164.291159,3970.01112,859.0818949,1017.700274,3092.017271
Homogeneous metal compounds,Homogeneous metal compounds,NA,Mn2,0.08729329566,0.08729329566,0.08115577465,0.08789474274,0.1130507429,0.1051712684,0.08499955089,0.08499955089,0.07416970821,0.07766270787,0.0860205093,0.08917234299,0.09488719436,0.09472909435,0.2556697344,0.08975235388,0.08619117888,0.08766623511,0.08782123455,0.1006428675,0.08275485855,0.09363553113,0.09012537913,0.09131971971,0.08812649487,0.09606978699,0.09301180406,0.08291555935,0.07680585463,0.07834218771,0.08749074127,0.07098616186,0.1027191236,0.1031333141,0.08054413739,0.0681854125,0.06818541235,0.07679683706
Homogeneous metal compounds,Homogeneous metal compounds,NA,Zn2_,0.08729329565,0.08729329565,0.08115577472,0.08789474283,0.1130507427,0.1051712685,0.08499955087,0.08499955087,0.07416970826,0.07766270784,0.08602050932,0.08917234305,0.09488733662,0.09472916552,0.2556697347,0.0897523541,0.08619117891,0.08766623517,1.2507902,0.1006428675,0.08275485841,0.09363553118,0.09012537912,0.0913196396,0.08812649488,0.09606973141,0.09301180421,0.08291555938,0.07680585473,0.07834218777,0.08749074122,0.07098616186,0.1027191239,0.1031333141,0.08054413748,0.06818541243,0.0681854125,0.0767968371
Homogeneous metal compounds,Homogeneous metal compounds,Transition Metal,Fe3,5384.374515,6399.483504,16687.06042,342.3327746,9837.910064,7474.447109,6913.380632,5762.743318,5119.637187,6322.615301,18099.25129,2566.509047,15544.1345,17605.88138,44422.49703,12456.47873,14149.61006,3999.42185,8626.004884,3041.019973,2597.423257,3757.138485,18666.34282,1220.354294,723.3995508,1187.67257,16082.55861,3954.340693,12413.71509,4548.74963,17807.20703,3086.769766,23063.55242,26263.6231,17826.1186,3019.829824,3490.866174,7189.976675
Homogeneous non-metal compounds,Homogeneous other non-metal compounds,NA,Chrloride_Ion,0.08729329566,623948.3355,0.08115577465,0.08789474274,0.1130507429,0.1051712684,0.08499955089,0.08499955089,0.07416970821,0.07766270787,0.0860205093,0.08917234299,0.09488719436,0.09472909435,0.2556697344,0.08975235388,0.08619117888,0.08766623511,0.08782122768,0.1006428675,0.08275485855,0.09363553113,0.09012537913,0.09131971971,0.08812649487,0.09606978699,0.09301180406,0.08291555935,0.07680585463,0.07834218771,0.08749074127,0.07098616186,0.1027191236,0.1031333141,0.08054413739,0.0681854125,0.06818541235,0.07679683706
Homogeneous non-metal compounds,Homogeneous other non-metal compounds,NA,H20,306976732.8,306991284.2,310401654.7,10329451.67,230411020.6,131320613.4,345803590.9,345803871.1,205923433.6,202002177.7,429919549.9,63902527.73,374952765.8,374213352.8,1053963784,303741900.1,434639971,43104326.9,331666904.8,137402616.7,85889952.08,84610661.46,443823533.3,39359866.8,9987174.523,21391193.47,29238778.91,181489656.5,212095219.5,60994661.09,342867766.2,90915573.64,45926547.36,45888927.02,409374013.6,83601949,83601949.05,27848143.08
Homogeneous non-metal compounds,Homogeneous other non-metal compounds,NA,NH4,3147999482,2847345868,2617495352,137299941.1,1276808875,1118220808,3179797027,4051932799,2016551073,2349427794,4059465404,590507458.8,5840646693,7292899652,9821227177,1430603952,1494538754,718106335.3,2907369215,1187712028,298652889.8,1128515282,2122763687,374417116.7,11.51538144,104.0806637,2413849661,960941758.8,2507058712,1912659402,1634534315,417235147.1,3000908714,6402608082,3801827049,475396419.3,489740514.5,1860642497
Homogeneous non-metal compounds,Homogeneous other non-metal compounds,NA,Carbon_Monoxide,989.0733055,76.61652338,4334.042905,561.9134722,1040.236656,15842.71219,2866.763784,919.1494646,1051.407957,2201.893322,7989.121387,4.08E+01,1811.389455,1950.660899,9833.150571,2219.020032,10049.04868,635.9841822,3463.397672,1514.458032,1464.340622,20.0537393,3715.029892,87.84492837,500.0415256,1100.152532,3430.97785,159.1645181,5471.66166,1879.740259,10470.64817,880.7547006,24441.45096,4025.234019,11635.482,2970.69741,625.5076333,1733.295223
Organic acids and derivatives,Hydroxy acids and derivatives,Beta hydroxy acids and derivatives,L_Malic_Acid,157387.9836,6274.182946,317850.3074,224.2462148,5455.635112,516983.0601,0,20.3804884,1142.79208,0,1711175.535,25081.71556,0,0,531929.2545,32075.27086,1443.489113,53461.84277,335193.3884,620978.6219,321273.5749,41.77694622,9283.548696,99070.48607,0,0,9069.71356,940.9134153,0,299.3171064,199764.8719,12491.07961,58501.82833,0,1740211.906,7867.798948,4953.005798,472.5503157
Organic acids and derivatives,Hydroxy acids and derivatives,Alpha hydroxy acids and derivatives,Glycolic_Acid,49571112.17,33507435.72,42642369.66,382238.6955,32826535.02,128383404.8,19513318.41,21539605.39,27163082.75,24381120.66,47136352.19,13064127.8,53582628.93,48495471.6,132055657.9,33431515.05,32345678.91,17324463.69,33889038.62,7461468.305,918842.8673,10009385.23,44829046.99,2284790.369,3367521.83,4193162.82,37307631.23,14954933.76,45881278.63,23766893.1,44346606.97,3781814.301,31116463.26,40519621,53802873.7,6500821.473,5951708.926,34720483.21
Organic acids and derivatives,Hydroxy acids and derivatives,Alpha hydroxy acids and derivatives,L_Lactic_Acid,1877719.842,4751234.061,2395121.582,2550830.597,2607169.31,26828941.68,1394280.383,1442896.615,4095796.495,1242698.547,1752495.14,6801078.453,2210603.238,1474872.698,543187.3671,804124.436,29675326.05,2515539.729,2503842.446,22504618.62,255072032.8,47128.26187,2585372.56,3257982.96,276339808.9,509036.2546,124339.5994,10357545.48,1312357.995,199710.0925,5440836.918,8225112.962,2173366.378,2164007.931,2282772.257,147957.0568,202345.0165,4874604.075
Organic acids and derivatives,Hydroxy acids and derivatives,Alpha hydroxy acids and derivatives,D_Lactic_Acid,14801725.37,7075404.559,177.0556039,21705.65101,0,0,13062268.74,13066643.6,9146659.321,6830768.78,314.0985492,281966.5599,53246803.56,53252399.06,23.48499786,58928.79395,21321.01444,18.41968482,0,21139628.93,1403721.281,2848943.205,0,0,8227371.18,7176109.468,5625332.895,3458017.198,181132.3218,8265244.05,0,0,47999563.94,48001259.69,9.871773613,965659.5806,965662.7981,1698342.013
Organoheterocyclic compounds,Imidazopyrimidines,Purines and purine derivatives,Adenine,0,0,0,0,0,0,0,0,0,0,0,0,0,0,0,0,0,0,0,0,0,0,0,0,0.3304622819,0.3816899769,0,0,0,0,0,0,0,0,0,0,0,0
Organoheterocyclic compounds,Imidazopyrimidines,Purines and purine derivatives,Xanthine,1660614.036,33693.30245,9035.014224,0.208256799,117648.0337,99527.43255,581451.9178,3364664.568,90165.66433,366594.526,262560.762,40808.8502,326790.3096,179081.753,1264604.8,181577.2605,568898.534,277068.8431,168408.1183,372486.5812,44894.23957,377872.5504,1264199.727,99303.3249,21033.31917,8324.767733,257388.4405,34733.86754,429553.056,491399.5271,801076.1545,46215.73654,1328670.942,1620343.335,1459817.532,237621.0539,150331.6746,134865.1532
Organic acids and derivatives,Keto acids and derivatives,Alpha-keto acids and derivatives,Pyruvic_Acid,209485.4537,209485.4537,212895.6316,6435.574803,146194.0041,149630.1089,173108.4297,173108.4297,157129.0388,169453.2319,198508.6023,28723.9723,278851.1554,278386.4848,708953.215,417812.5244,211261.4107,52159.74835,293645.5942,67177.44611,53685.23499,35223.16351,233888.4328,17345.89183,182400.3577,645150.9215,214868.7835,80954.5042,196520.133,65837.42855,192221.9065,47398.20695,301867.2543,303084.9925,227898.7587,44479.34629,37799.22759,115712.1023
Organic acids and derivatives,Keto acids and derivatives,Gamma-keto acids and derivatives,Oxoglutaric_acid,179636.727,129923.9376,183341.3062,131850.2688,185914.3943,463851.9531,557018.4581,555894.8344,184741.1304,78802.9098,394935.1664,260923.05,1121500.547,942391.9858,1590414.869,161705.5877,88069.1878,416428.9845,963919.5246,182061.8269,159890.6552,140743.0748,131370.0974,37717.93844,44705.42149,176306.1239,214667.2528,459425.5635,171501.6648,288720.2837,235820.6365,165929.9533,1485300.59,1372445.378,236713.8757,150877.0619,189375.791,222008.6503
Organic acids and derivatives,Keto acids and derivatives,Short-chain keto acids and derivatives,alpha_Ketoisovaleric_acid,0,0,0,0,0,0,0,0,0,0,0,0,0,0,0,0,0,0,0,0,0,0,0,0,1.046948174,1.209243087,0,0,0,0,0,0,0,0,0,0,0,0
Organoheterocyclic compounds,Lactones,Gamma butyrolactones,S_Adenosylhomocysteine,0,0,0,0,0,0,0,0,0.0001090643929,7.37E-05,0,0,0,0,0,0,0,0,0,0,0,0,0,0,0,0,0,0,0,0,0,0,0,0,0,0,0,0
Organic compounds,Lipids and lipid-like molecules,Glycerophosphates,Glycerol_3_Phosphate,130.2378578,341.6681478,218776.566,122055.9306,1633.261392,8920.05647,0,0,1132.150922,1614576.763,4942.571484,0,0,0,311.5960192,441.2046197,16825.38247,16097.70092,0,0,0,687.1875436,106.1167092,0,0,0,1343.217972,0,288762.5098,547.9098195,21987.85025,0,0,0,14313.54591,0,3335.876687,6163.278208
NA,NA,NA,Heme,1462.5821,1627.462854,3484.370174,183.7413804,1671.018106,2068.776798,1078.974213,1023.692311,1135.10584,1316.215757,4522.891296,1490.890951,2850.017237,3436.437423,13279.11961,3222.417823,3468.713594,891.1206721,2190.679626,887.207773,43.52888756,735.2034338,2687.96359,298.3897966,126.5106889,131.1565185,2448.155743,990.4044603,2874.209778,1021.406686,4393.282676,710.772968,5486.406956,5960.757606,4949.04109,680.2787389,713.7932343,845.7992276
NA,NA,NA,2_Dehydro_3_deoxy_D_gluconate,0,0,11315.29978,0,0,0,0,0,0,34.16803263,479.2087122,0,0,0,16667.86581,7941.804428,8827.496264,0,1626.398769,902.7398888,27.00052242,118.7629955,3430.88936,0,0,0,267.1688469,3.815063118,5823.941352,2776.467003,223.3907409,1673.337524,0,0,585466.2191,46.56701352,0,2001.725801
NA,NA,NA,S_Ribosyl_L_homocysteine,0,0,0,0,0,0,0,0,0,0,0,0,0,0,0,0,0,0,0.0004740284375,237206649,7.42E-05,0,0,0,0,0,0,0,0,0,0,0,0,0,0,0,0,0
NA,NA,NA,Hydroxyphenyllactic_acid,0.3773515023,0.3773515023,0,0,0,0,0.1214512875,0.1214512875,119391.3547,0.0404875719,0,0,0,0,2625.540591,44192.04165,0,0,0,0,0,0,0,0,0,0,65.0356626,600.5519329,0,0,26729.6254,95.57224332,1.200014813,1.200014813,0,0,0,0.01245360326
NA,NA,NA,Biomass,1640.636054,1640.636054,1525.297958,1651.930231,2124.719323,1976.647726,1096.838431,1597.581451,1822.276135,1459.631554,1616.724707,1675.964047,1783.346693,1780.374965,4805.283639,1686.870934,1619.938335,1647.625425,1283.488154,1891.581924,1555.332615,1759.868425,1693.849363,1716.298785,1656.3094,1805.576638,1748.105954,1558.368358,1443.537054,1472.404579,1644.33414,1334.142143,1930.542479,1938.330417,1513.837661,1281.469343,1281.469354,1443.37928
Homogeneous non-metal compounds,Non-metal oxoanionic compounds,Non-metal phosphates,Phosphate,4664509.197,2156090.328,8465007.869,5799390.623,6576676.275,433751.4991,697987.9932,407745.709,4694203.002,3538438.318,1242716.872,1891905.849,610412.7194,343811.947,47282117.14,1234116.221,1688463.79,5770253.543,3012375.648,19286913.38,1928679.79,464991.8954,2100589.404,214229.6629,13275.39198,19954.61308,49116212.14,472161.6414,14890027.66,10162988.57,2380267.422,366257.0156,269383.9994,504276.9709,2341948.948,366340.363,283964.1703,6891392.614
Homogeneous non-metal compounds,Non-metal oxoanionic compounds,Non-metal pyrophosphates,Pyrophosphate,514498.4022,109333.0968,1047874.008,1299730.634,1172647.256,1999.814283,29457.92474,6217.24659,709640.0355,326188.9057,216.5592432,257863.0457,0,0,6751326.65,24106.32418,0,1139352.298,28780.69974,4032217.372,364360.8342,0,3342.70107,13106.76479,157767937.3,80095264.36,7382852.886,66988.20601,1603399.558,1779823.271,913.900166,3759.279117,0,0,154.8596283,0,0,202692.5978
Homogeneous non-metal compounds,Non-metal oxoanionic compounds,Non-metal sulfates,Sulfate,861830.205,515948.7093,2573367.394,163243.7454,1283857.039,2907036.658,3673439.64,3989842.62,4724212.566,1507081.759,4143460.621,60739.81465,138103.3321,2140473.699,7984320.417,3493236.666,2076690.435,206561.9756,365436.538,220557.7901,122504.275,533234.3633,2709321.795,39459.79417,25248.71806,65527.6158,3154026.959,1207040.394,3055365.336,1635423.945,3141591.794,453388.4842,296798.9519,194608.6115,876607.9315,936620.216,1091546.331,778680.5516
Homogeneous non-metal compounds,Non-metal oxoanionic compounds,Non-metal sulfites,Sulfite,31896.23332,306.6320431,802.5745914,0,354.3594186,3234.434696,369475.8807,369868.07,0,0,0,0,1612.152486,12470.82264,0,0,0,0,0,0,0,0,0,0,476270.4636,0,14305.87802,801.3048348,0,0,0,0,3328345.151,544160.071,1.089803736,7765.015162,0,0
Organic acids and derivatives,Organic carbonic acids and derivatives,Ureas,Urea,42941402.74,12863610.1,1880539.438,1908.525484,248897.1029,757277.6198,22951893.82,47846185.46,11287787.9,10651223.94,4674038.871,1611408.571,134801567.6,135470080.1,21053740.33,395141.7213,4162498.159,10383231.18,2253360.452,21761968.58,2233.027914,682933.7296,381249.1695,1946007.564,260425.7821,50893.66937,1496801.902,659044.8305,10116425.72,10444650.4,682467.3691,1004451.344,8292635.378,103721061,23012847.41,1453845.854,445657.3903,6430499.286
Organic acids and derivatives,Organic sulfonic acids and derivatives,Organosulfonic acids and derivatives,Taurine,39075883.82,16832087.99,177782763.5,5908922.331,94130548.37,150945.645,67947066.4,60447120.6,66060072.16,54702153.34,184639220,19334207.84,124104905.3,124761951.2,409851338.3,104156517.3,119549096.3,109043888.8,163213170.3,34583747.72,6351329.172,32993719.03,173179048.7,10868906.92,4674218.954,4444040.426,141521271.4,38002723.2,184333195.8,58585561.79,158036690.6,20735931.88,63169142.78,66418607.87,177085598.7,32598016.31,30074046.05,40201931.26
Organic compounds,Organoheterocyclic compounds,Organoheterocyclic compounds,Ascorbic_Acid,0,0,0,0,4490143.276,5019198.578,0,0,94745.95101,299290.0705,6894593.07,2534654.238,0,0,19151738.57,4665451.846,5124974.824,2459781.313,5289216.209,510670.8998,3308881.76,3737050.093,5399463.046,3761093.984,2.65427172,0.08491361673,3690010.404,1701540.158,7369461.072,3249495.414,4427571.611,4970128.845,0,0,6966889.606,4437884.908,4339555.432,6509216.916
Organic compounds,Organoheterocyclic compounds,Indoles,Indole,171176.6638,382486.7762,282464.8777,832424.741,183354.7922,358621.892,279154.1565,334819.9886,94629.14886,84281.74634,440478.4698,55535.51025,302575.4388,181229.3622,1414115.507,574576.1969,640529.0669,94636.42986,937947.9163,288582.1224,6775.742869,162406.9351,594704.6682,59992.9791,2430.059208,2631.87599,953186.1338,78701.08381,716820.0151,100189.4344,870176.497,59221.03714,538396.7281,595579.5762,921362.7609,154802.6451,120572.1402,56163.74109
Organic nitrogen compounds,Organonitrogen compounds,Amines,Putrescine,21283.3901,865215.5582,1736000.116,1229.088822,451087.5409,1492088.412,0.386729025,20714.1841,9702.229789,171737.5337,476193.8062,204185.0775,5.516732075,319.1658888,1796582.645,418704.285,11428518.53,734945.0835,1128825.986,84646.68048,453.0485043,395.1684392,4726665.431,909339.5486,0,0,91030.56968,495682.3336,1448078.73,154336.9779,15295463.74,460799.2567,210.8790123,538.699286,1354685.26,345859.0299,1702159.614,36918.12998
Organic nitrogen compounds,Organonitrogen compounds,Guanidines,Agmatine,21739.35991,17656.5156,153302.5931,24.18944288,24406.4841,27.88262332,3878.57067,112.5241913,7412.428164,5586.451121,39069.5177,59771.4761,28052.24856,188779.0734,607707.7437,288006.9158,1788123.749,17889.71862,308245.3094,1.33E+04,1194.363345,11662.52356,698680.8905,9318.984153,2267.021045,0,979356.9401,5.381387361,47572.8938,2293.418506,1189525.673,8855.25999,110067.1244,53836.83713,727115.8821,65156.46012,58289.66499,491.2781516
Organic nitrogen compounds,Organonitrogen compounds,Amines,Spermadine,370.1040743,374.1733427,531.2694715,6.899414234,5337.41502,0.1051712684,1924.789747,35001.82578,416.0698673,1206.417771,2052.433942,713.2060975,38595.26987,136864.7461,2606.322351,44156.11196,1519.915256,142.0698138,86818.79155,745.3354624,25.91249646,3.26189543,1546.120032,282.8550125,32.38771737,99.41493766,63.31114949,595.8871304,1565.623646,11714.1484,26697.11559,93.61023378,11300.69597,25626.19596,335.8958436,146.818741,78.32797196,1672.042165
Organic oxygen compounds,Organooxygen compounds,Carbohydrates and carbohydrate conjugates,D_Glucose,20632710.72,17782367.68,50237300.89,5867511.412,24139181.98,20860851.1,28316452.84,26930180.61,32806260.03,32175448.58,44622371.83,6802458.005,35085005.87,35702631.25,154010984.3,37594663.76,51735718.42,14002313.43,49040143.35,17089043.28,13832118.02,7023200.076,52719404.54,4976355.688,42306506.78,1908952.733,47884513.82,22019608.86,46153061.32,18119867.71,49990008.36,11558703.42,41340982.76,39502983.36,46912235.39,8884207.087,8770876.63,25239807.51
Organic oxygen compounds,Organooxygen compounds,Carbonyl compounds,Formaldehyde,48.63138062,0.0002265614134,0,0,0,0,0.000006084362833,0,1.07E-04,64749551,0,0,6.658134596,6.658139898,0,0,0,0,0,0,0,0,0,0,1.01E-04,1.16E-04,0,0,0,0,0,0,124.0724388,327.772698,46.30601415,0,0,0
Organic oxygen compounds,Organooxygen compounds,Carbonyl compounds,Acetaldehyde,8886167.594,112370.718,56071.45478,8618.689603,588581.9033,88786.77461,97726.60373,121771.7369,119155.9298,147199.3765,11542779.69,1194516.29,327262.8104,326717.468,991433.0143,2106702.006,5700834.114,141288.7027,562660.8231,2410450.215,6445913.955,84429.19371,285979.489,27879.83159,271031.7579,48902.85327,276370.6801,41972.01932,1365463.774,26813.65167,310709.779,1166882.972,354274.7622,355703.9141,1883671.194,27869.44005,11105.77269,119708.7217
Organic oxygen compounds,Organooxygen compounds,Carbohydrates and carbohydrate conjugates,Sucrose,4.498308204,4.549380851,7589616.492,376020.8472,123904.8217,119811.4914,2.679835527,26018578.1,15235.12058,22460.76671,322037.2319,213928.218,3.717844378,3.624039878,510660.2613,179083.7167,227115.4589,33164.02179,233141.1623,333816.5085,31404.30025,60721.88237,243667.2619,26202.85927,1.145089665,1.910719551,117402.499,57019.97801,187329.6107,99047.84417,280979.8241,33996.28242,91854.09061,92236.08151,275825.8025,36392.67994,34892.27134,52011.24814
Organic oxygen compounds,Organooxygen compounds,Carbohydrates and carbohydrate conjugates,D_Fructose,953.1698973,59283148.19,208145.515,603.3087987,56122.69138,34485.73305,68889.15689,51622.72336,31451.01147,6293.020206,5886.869892,264.1322256,91829.22266,43078.36811,37209.11594,167549.3467,45704.31992,2275.964417,344.369426,117.9008315,7.458554889,3056.926166,39253.30331,995.3300666,29326.29654,29138.47806,47054.54876,22492.9942,114674.8116,2176.007385,13423.95615,3998.416405,2105.898222,47092.79684,21313.01249,4126.789166,385.7151355,0
Organic oxygen compounds,Organooxygen compounds,Carbohydrates and carbohydrate conjugates,Glycerol,1934163.019,1110873.834,5388276.828,166360.2089,3511168.895,1455832.424,2954304.013,2880429.301,3507047.067,3594394.484,5216916.217,574608.1924,3736059.977,3439832.749,17481479.12,4336112.74,4613505.464,1442518.305,6344513.692,1949129.408,1670230.33,2721995.638,6616457.128,601957.9407,4368383.853,29277.48472,5835545.903,3351942.597,5735162.365,2583855.045,5561748.285,1147006.188,3425534.504,3151648.297,6259420.174,975352.3873,1020979.268,2636069.569
Organic oxygen compounds,Organooxygen compounds,Carbohydrates and carbohydrate conjugates,D_Ribose,2977.846065,10144.63109,18008.95863,0.7160975695,470.7676028,7697.162418,4545.098758,3632.402259,281.9312072,111210.5206,64705.17084,2663.948715,1588.696097,2864.581637,159894.143,10243.51576,21829.20027,38462.40985,10145.37255,24618.49643,988.207657,6987.628586,35727.54962,11576.84351,22.99734067,86.04278963,970.1620017,1.18E+03,74126.1335,2114.482643,91384.78467,300.4533127,34273.80962,6507.455226,47802.21636,52899.33194,7325.603127,21516.41084
Organic oxygen compounds,Organooxygen compounds,Carbohydrates and carbohydrate conjugates,D_Galactose,541941.2332,287685.2896,1182744.623,83797.6533,946329.6151,738470.5374,467131.1892,459309.579,595969.8702,946607.2085,1445595.115,123229.191,758474.3755,742086.3034,5267396.077,1088947.54,1781091.381,403806.1244,1686893.81,812622.8763,543661.0969,421382.0857,1686286.672,195551.7987,10592.68554,9222.166283,1443699.081,642159.7876,1724343.022,799027.7001,1806846.491,376959.6897,766346.7144,684287.4025,1761154.85,430123.8525,442689.0884,790861.5199
Organic oxygen compounds,Organooxygen compounds,Alcohols and polyols,Myo_Inositol,1230547.189,59261.24107,15891.50826,1200.827176,49335.22273,575664.7197,2558573.71,1092430.89,434417.2569,364409.4295,1787820.053,3397.845344,1772609.743,268526.4137,18412.30792,30942.82514,140751.6142,704.2230512,9327.509242,28.91928235,6645.47406,10919.60426,25925.32817,0.3602392328,7390.33737,198067.4255,20167.52517,72527.06739,191844.3565,7524.841874,131190.2757,20951.33069,269646.6053,1273543.063,395849.6468,134316.2383,24569.25858,10875.54723
Organic oxygen compounds,Organooxygen compounds,"Amino acids, peptides, and analogues",D_Mannose,17640.69947,0,140680.6906,208.4695662,800.9966011,25078182.33,73207.76756,35120.48261,641.4270218,5743.992227,7490.555979,0,16083.4551,258.8445178,4789.886919,15189.31836,1864.948396,13984.30243,0,0,2.799665631,9308.090234,12512.89294,0,0,0,4499.230707,1087.594552,16700.65757,533.7094082,16068.96285,4269.070299,21449.89554,1161.169966,1170.082173,4686.755019,577.0400235,6779.90624
Organic oxygen compounds,Organooxygen compounds,Carbohydrates and carbohydrate conjugates,D_Xylose,125.5748111,29084.41543,9.42E+02,0,0,0,884.5280071,1104.00461,13195.89869,208.7848788,32.35566573,0,0,14390.7552,3010.073132,807.9352646,46.53711318,149.928921,16.11577902,8.03E-06,0,0,0,0,0,0,2017.53619,0,0.0000001013498333,0.000000351135,0,1.00E-06,356.3091697,58.2658121,0,3.420340144,1282.147468,122.7315993
Organic oxygen compounds,Organooxygen compounds,Carbohydrates and carbohydrate conjugates,D_Glucuronic_acid,0,0,1606373.591,589296.1999,713785.194,135015.1079,0,0,24584.01351,99548.5458,1456486.391,688316.4718,0,0,3985594.344,1274143.631,767673.3818,790050.0463,867700.5816,407655.1567,413945.3105,1286503.324,1559983.962,657993.2311,0,0,1026582.879,699725.7972,1464966.43,1495183.28,1270829.877,966111.4512,0,0,3405958.955,691249.9491,755382.7872,1348273.812
Organic oxygen compounds,Organooxygen compounds,Carbohydrates and carbohydrate conjugates,D_Maltose,239402.0612,97986.81645,966211.3759,538490.6841,820478.2355,15.70784329,236268.1935,281283.7952,340051.5222,400921.6867,1041741.926,850929.864,525107.9451,498327.8171,2670306.456,591075.5236,767877.0561,886320.9018,1352298.832,635042.7605,779334.5194,825750.9754,1153513.015,1121057.619,1039872.265,237080.9165,562328.8648,468396.01,754520.5804,820988.0503,968365.6571,743418.8236,765743.8807,814330.9115,1051109.666,700690.7306,716416.445,894075.6277
Organic oxygen compounds,Organooxygen compounds,Carbohydrates and carbohydrate conjugates,Alpha_Lactose,127679.9479,25356376.63,471059.824,16523.03435,283954.9532,0.1051712684,105425.2604,143757.3001,208319.7003,185629.7212,450065.7704,71631.18136,349447.3786,442510.2085,2110969.122,418256.1553,446710.2039,60392.83957,497750.2687,806264.2997,75469.01043,169086.5357,439248.0471,32504.11753,7951.559703,3689.446367,410442.1182,128921.8609,659155.6886,365182.2672,643237.9455,214527.2853,996020.6129,866390.0223,786163.3518,198068.3636,255769.3981,122298.7309
Organic oxygen compounds,Organooxygen compounds,Carbohydrates and carbohydrate conjugates,Gluconic_Acid,940175.0686,1099854.342,5747382.878,1765862.14,4822302.747,3752.018268,1143744.485,1656881.528,2079736.938,1326333.59,7028774.881,517805.8683,3981152.641,3458454.782,14888433.56,3710699.404,4837439.345,3621089.84,3527955.873,4767902.619,2447291.069,3964621.136,6857862.842,2421228.995,7371075.933,34012.91833,6376272.987,1835631.581,5196977.15,2444236.559,6139720.119,746129.7979,4675157.401,4747632.648,5910303.338,969131.4267,1158098.674,6145565.869
Organic oxygen compounds,Organooxygen compounds,Carbohydrates and carbohydrate conjugates,L_Arabinose,1182732.105,487237.2952,3201691.279,611599.0118,2466933.883,3170450.717,815546.5612,951108.5941,1343115.895,1581693.933,3167581.877,867611.9155,2099644.414,1505064.539,8952642.793,2189760.691,2835985.774,1261903.447,3315591.027,2352282.941,991563.6022,1942286.198,3413555.218,1116279.117,67118.69136,42162.6243,2233108.288,502451.0607,2887388.758,1139482.486,2931143.108,1930308.537,1718913.392,2252073.628,4127932.22,2443495.721,2360350.705,1263612.332
Organic oxygen compounds,Organooxygen compounds,Carbonyl compounds,Glycolaldehyde,0.002142900733,214668563.2,80663845,0.0002178796887,0.0002601789905,3331073.445,0.05085666947,0.05085666947,0.003804226275,0.002187385926,0.001337258486,0.001684874303,0,0,0.001535745848,0.0005296814856,0.001196830774,0.001503168833,0.01097363299,0.0003824403674,4.48E-05,6.98E-05,0.0004895681783,0.0004262757196,0.2046075929,0.2141251271,0.0005482209786,0.0002446950051,7.76E-05,9.22E-05,0.001262236716,0.0009615223736,0,0,0.0003418027861,0.0005649267163,0.0005649233061,0.001501931374
Organic oxygen compounds,Organooxygen compounds,Carbohydrates and carbohydrate conjugates,N_Acetylneuraminic_acid,0,0,204891.0867,1.712320616,21175.99642,0.0002977246799,0,0,2650.943123,7125.104173,189809.3396,25640.03092,0,0,366499.5081,142297.8915,194932.7992,73939.29688,172816.0487,157841.2543,4838.317431,30466.03517,203535.4004,7374.459395,0.01976746316,0.02283182047,51562.23697,0.9242608936,100447.457,31941.94964,147112.6126,7718.072102,0,0,223917.8401,15977.34735,14630.97956,83675.1097
Organic oxygen compounds,Organooxygen compounds,Carbohydrates and carbohydrate conjugates,Glucosamine,0,0,40.84624931,0,346.2901969,111.2728792,0,0,0,0,0,0,0,0,0,0,0,0,0,0,0,0,1.515506852,0,0,0,0,0,862.9932961,513.5833698,0,0,0,0,0,0,0,203.8927005
Organic oxygen compounds,Organooxygen compounds,Carbohydrates and carbohydrate conjugates,D_Xylitol,0.0003167917261,18858.2915,24092.85126,67420.6606,11059.89641,2933.674762,872913894,872913894,9497.198723,3512.377649,4376.01549,2565.868616,0.0002595856937,0.0002595856937,383129.3393,7.78E+04,59621.4482,497.5155411,45177.48085,4079.396281,5.84E-05,1294.195634,93435.4965,44.25965618,6.09E-05,68199197,2623.423486,48.53416079,46020.76359,13953.90033,53810.02881,3203.897487,0.0003059457498,2.013745322,111835.1175,2179.198222,2194.898664,102811.9242
Organic oxygen compounds,Organooxygen compounds,Organooxygen compounds,D_Mannitol,3586000.162,1591355.961,2157443.047,3524.302684,8683697.372,13915340.55,3007995.273,3543412.181,7407495.242,5314931.244,19930403.93,1457698.772,9470341.025,5601609.132,33828723.4,8918459.856,19757378.94,6322786.303,14261634.19,8638553.133,8627924.675,1496455.419,18396696.09,1609742.469,953815.8272,441590.5763,13365053.5,4829092.611,13167021.2,4331791.303,22826191.01,6726680.521,18317600.29,8660249.868,24375758.29,4414060.633,4270183.19,13445874.57
Organic oxygen compounds,Organooxygen compounds,Alcohols and polyols,Ethanol,335736.1902,106912.6222,414.010308,0,483400.2002,67883.01032,2256322.086,2127997.42,30283.33378,22606.14165,33825004.36,67068.09305,12226.84063,3982.804286,851270.8684,648946.2833,282673.1069,83660.22112,344293.6623,90809.47344,92318.74419,55969.3825,287582.1875,202906.8783,5578006.323,84297.98669,123521.4304,2648.954706,196089.0392,93592.24732,548976.9557,1231661.342,31167.94417,35421.72164,298938.0225,47144.14228,47410.08207,155131.5281
Organic oxygen compounds,Organooxygen compounds,Carbonyl compounds,Propanal,0,0,45096.79338,0,0,0,0,0,84.73779125,5405.243185,86469.44516,52.19064819,0,0,13118.76888,29793.31265,55770.40927,17711.40126,113052.3888,0,0,0,605709.7482,10374.6931,0,0,1416.906858,0,1.486001115,23390.23936,44409.62432,2.332783741,0,0,18322.00441,1539.996567,3535.315957,0
Organic oxygen compounds,Organooxygen compounds,Carbohydrates and carbohydrate conjugates,Glyceraldehyde,0,0,54946.37562,0.001636160492,0.00140615742,2.744130645,31973.82987,35155.38712,2754.177403,11.57555468,3.068189253,11294.59754,0,0,0.005250619774,135.8883964,15353.831,0,246.6402547,481.2323583,0,0,0,0,26.86307739,0,8959.803701,0,0.001624515395,0.001608048749,0,0,1312.281803,0,665.7082497,0,0,6260.910627
Organic oxygen compounds,Organooxygen compounds,Alcohols and polyols,S_Propane_1_2_diol,0,0,21225.76602,0,29441.75045,55.61579291,0,0,803.1447574,0,14799.02762,0,0,0,58835.26997,36288.33375,6844.756037,46.38161288,102765.1082,0,0,0,95193.89429,966.9197779,0,0,16431.80707,0,24414.6492,0,15014.95756,0,232275.3825,232275.3825,31863.58245,0,0,3908.106367
Organic oxygen compounds,Organooxygen compounds,Carbohydrates and carbohydrate conjugates,Sorbitol,0,0,2087.957152,260.2126191,97386.01913,225799.3306,0,0,31347.0571,152.3301671,1564822.955,167381.0806,0,0,3880333.507,232375.5025,1805052.067,25096.91377,4333898.277,931870.5902,22698.14035,130323.2976,167563.8699,79431.13659,0,0,0,0,194042.8001,691407.8845,694265.0599,393626.4803,0,0,982833.3218,31606.80057,74043.44594,582369.7102
Organic oxygen compounds,Organooxygen compounds,Alcohols and polyols,Pantothenic_Acid,16692.65645,12285.1458,1038101.121,0,6951.186354,1587.047518,14462.6647,12226.42042,429.8054754,16698.49005,1000.813251,386.4430831,76400.12475,10659.22613,16878.21995,9253.569949,502.75793,4243.618235,1196.890281,34177.08881,484.1505355,603.1417049,1371.947063,67.56925087,49.46408331,399.4848091,21122.32215,112092.9084,4283.881644,8243.023713,15031.52399,222.0614318,45222.94103,13664.24773,21363.21884,1288.979453,2511.799225,2785.225477
Organic oxygen compounds,Organooxygen compounds,Carbohydrates and carbohydrate conjugates,L_Fucose,0,0,1383343.666,2659.099009,116744.3673,86090.18997,0,0,12911.01288,38746.9025,1303848.227,508243.5718,0,0,3252460.621,904451.482,1305477.394,97370.72851,1916691.472,1160512.865,23086.82495,1191110.511,1366381.892,90516.42337,0,0,1375.907816,7371.511151,1312116.59,136143.1673,1192437.923,87027.74848,234531.6234,234531.6238,1614408.429,188582.128,193062.39,368967.9567
Organic oxygen compounds,Organooxygen compounds,Carbohydrates and carbohydrate conjugates,Trehalose,53662.71169,96588.21949,385368.4867,0,210948.8525,67312.85709,64267.37738,62946.95291,31221.77798,67087.80476,1073796.444,55806.63484,148708.8687,105513.837,4319986.737,616940.3392,1710974.891,31833.81379,620281.3702,70342.61784,6729.15471,50194.78769,1095741.806,16455.89919,179560.0525,5363.168025,468585.7044,94677.46479,1654577.283,85701.8583,917372.9011,60237.98396,133957.1199,134657.4153,1492429.349,57471.46708,62708.84834,69951.0041
Organic oxygen compounds,Organooxygen compounds,Alcohols and polyols,Propane_1_3_diol,0,0,160608.5108,17244.78897,0,0,0,0,0,284.5417683,0,0,0,0,0,0,0,0,20253.78048,130.2687695,0,0,0,0,0,0,541.8912947,0,369.4698764,704.112097,94687.29543,0,0,0,4665.005273,23827.96595,3463.879518,0
Organic oxygen compounds,Organooxygen compounds,Carbohydrates and carbohydrate conjugates,5_Methylthio_D_ribose,372.6918596,13807.98965,0,0,5353.498582,114.2094189,1929.978232,35024.04961,0.97862146,1212.292999,2062.170834,718.4309705,38635.91653,136951.6771,1688667.361,385603.449,171390.2183,248820.528,38691.58865,362.1566796,0.9633961888,3.703891972,1554.873682,285.0954681,33.78722428,101.7743106,0.01015427572,0,1574.359455,11728.88554,6436.174376,9076.183325,11321.63106,25661.66983,340.4567537,149.0267469,79.87465556,1677.734117
Homogeneous non-metal compounds,Other non-metal organides,NA,CO2,2930872823,3204683678,14061586910,501651580.5,4946360299,6928154382,3622436965,3736908197,4099881439,3858439548,11914650779,1951129563,5548836479,5214052187,33559446927,9806353389,9713366683,4749962086,15073550361,3152118885,2209786188,2552967954,16685060598,1600617231,481384796,332234966,10185195780,3926855230,10436691065,3500189770,15081659278,3676709126,6987730016,3932488765,13520812145,3295723840,3507519727,4680260419
Homogeneous non-metal compounds,Other non-metal organides,Other non-metal hydrides,Hydrogen_Ion,92982659.3,14215549.7,140731.168,1773.605956,790151617.6,120304986,92457934.82,50173490.94,300106957.3,314435316,194613332.8,227475954.9,143573266.9,88225652.24,691706841.9,208320655.5,90551441.73,115919486.4,90605048.06,254782280.6,121396467.6,387283512.7,52096744.75,54265696.33,234787122.1,7855305.906,320726612.4,142054625.7,292926891.9,185058934.1,147275842.7,2314217.553,181514427.9,179483937.1,173780425.7,59439930.97,54953028.19,383860001.7
Homogeneous non-metal compound,Other non-metal organides,Other non-metal sulfides,H2S,325016122.7,144251854.8,569119806.3,31697430.92,396164882.2,13707.75075,404268974.7,371696723.3,329158968.4,351939405,606703611.2,174391570.5,644952037.3,618729813.9,1489688139,374344939.1,555054986.7,373476938.7,1005363246,187251278,93245219.7,131838845.3,653370616.8,61742145.87,31559628.75,41176931.43,592613144.2,218994470.2,554415061.6,187974139.1,633658204.2,95130883.69,380950687.5,475092460.4,665178006.4,112213143.9,115605954.3,271483287.9
Homogeneous non-metal compounds,Other non-metal organides,Other non-metal hydrides,Hydrogen,280746406.5,164886921.5,2590747056,48825101.19,83937169.37,472278734,64067162.84,78719882.72,267826046.7,192269885.5,756705002.4,85625536.31,505557350.5,42430.65443,5409279989,2334289280,2217630436,446019387.8,415369235.1,170741525.3,107340508.9,151716320.6,2285079590,12928363.57,1746612.243,68903726.33,892908239.2,708287603.6,833832534.2,152070884,2082187129,193661098.8,1638964447,0,1846324648,642030919.9,624383778.1,135956158.2
Benzenoids,Phenols,Benzenediols,NADP,1151.324579,1525.808347,6208.767882,73.58064197,1395.750016,3906.12206,778.237823,1020.795847,473.4001744,1808.000156,14521.24408,862.0976943,1975.373494,1166.417913,25300.95414,934.8725754,4458639.18,1069.456043,5919.238738,436.3138215,549.3730768,4161.788364,11201.38764,395.1242597,0.001960443655,42.94291733,27379.77388,233.8203564,1638.230451,328.2571204,6743.763563,511.6600446,0.03508838774,1.26E-02,5285.342226,121.6599183,1205.188941,1607.529042
Benzenoids,Phenols,1-hydroxy-2-unsubstituted benzenoids,p_Hydroxyphenylacetic_acid,0,0,339739.4408,1685.553673,76920.87873,14820.56156,0,0,2245.067283,720.297707,232011.776,377.2530018,0,0,373097.9113,222033.1525,230141.8849,10516.20032,156693.1001,8922.122776,0,12886.68791,483513.9674,13154.61946,0,0,47743.46179,0,121529.3781,0,366262.3404,14945.02685,0,0,453079.0625,18883.31237,31747.73027,93518.50207
Organoheterocyclic compounds,Pteridines and derivatives,Alloxazines and isoalloxazines,Riboflavin,6190.534507,8028511.846,47199.11066,2371.867591,12962.7633,161177648.9,42885.63319,36625.06497,20957.59382,17639.73244,92739.0826,1365.174969,23141.22292,4700.38355,170098.6506,28484.34962,17488.47664,1848.811753,125453.3155,1567.162108,8693.203058,3625.499756,34071.32664,1118.098433,1098.92263,4563.624726,13134.2508,3399.440984,39935.61356,8112.528969,43738.8594,1669.241984,10298.23244,18084.32658,43108.00669,7415.029224,34115.57849,15335.5475
"Nucleosides, nucleotides, and analogues",Purine nucleosides,NA,Inosine,14499.28819,5219.947441,58210.8409,6217.128315,27048.88432,285555958.2,17006.86541,17184.64103,16357.19792,17636.74389,49157.66956,5504.503608,20916.69595,16051.36141,142719.3228,24744.37445,48640.13996,8971.868604,33204.07127,8707.822711,2323.474263,10647.66497,56160.59288,4381.100857,2430.762087,1932.434483,48720.91137,17155.69435,37361.34032,13831.58306,38665.26147,17218.15773,26004.82545,16900.41486,54225.08464,13113.34367,10324.61322,22513.61029
"Nucleosides, nucleotides, and analogues",Purine nucleosides,Purine 2'-deoxyribonucleosides,Deoxyguanosine,2503.572254,12.12074598,13824.19252,41.8776244,11209.04498,41392.70157,21498.29907,26778.47441,1543.831648,1837.97819,1731.490261,1944.453252,45568.45349,2895.053413,21655.06887,4302.210986,10075.59231,2228.360852,3729.614918,504.1344904,4128.341231,1070.348006,11013.65063,528.3345855,381.6864525,1030.511977,43603.48747,26239.66525,10322.05359,19982.75306,32046.26545,1873.384561,9622.175782,4035.683563,2842.689629,15186.05518,472.0133085,8616.909772
"Nucleosides, nucleotides, and analogues",Purine nucleosides,NA,Guanosine,87.82635733,956120.5627,20805461.68,6415530.186,3661.421365,44711.50097,495.0572695,4152.520103,2413.104907,905.9958186,12238.61125,1364.801089,9276.173942,24147.29903,2712.881655,588.3676964,40023.25247,4920.641811,11946.96413,1627.33088,26809.60212,170.303511,12663.63333,4344.71005,0.5197232099,540.27006,1885.340413,409.7778106,7216.71468,339.1296645,24271.87788,5535.245937,3224.186398,125.7403101,4449.137462,3170.684407,1728.400481,644.1237563
"Nucleosides, nucleotides, and analogues",Purine nucleotides,Purine nucleotides,Coenzyme_A,66089.75749,25768.52742,10626.14737,67.93354551,3966.543907,3599.521596,16918.06313,11175.78388,8569.68329,12159.08441,9580.991096,868.094279,30422.65204,17432.00231,20699.60085,12019.17534,3944835939,8377.630233,16524.83502,1358.867977,410.3241361,1003.953624,16014.84313,393.7912588,346.1679073,140.7894023,57861.61977,1243.163126,6366.64732,1339.624296,20032.65104,1224.601534,11762.3329,30897.67171,14965.19553,4121.121082,2723.405414,2729.862618
"Nucleosides, nucleotides, and analogues",Purine nucleotides,Purine ribonucleotides,Guanosine_Triphosphate,0,0,45465.20745,942.8483064,12222.50713,277.2746257,11.42630596,13.62932388,922.3668323,5646.076662,17174.50358,6612.100237,0,0,100789.9665,30511.18079,44071.72408,1928.026963,78081.35826,3444.947083,75.66772347,13829.88909,41425.17246,1855.365522,0,0,22498.68626,363.0078856,50315.92984,13125.77234,56529.00419,11177.60328,0,0,76644.4885,15779.55187,4574.354037,256550.4967
"Nucleosides, nucleotides, and analogues",Purine nucleotides,Purine ribonucleotides,Adenosine_3_5_diphosphate,0,0,0,0,0,0,0,0,0,0,8.13E-05,9.83E-05,0,0,0,0,0,0,0,0,0,2.69E-05,0,0,0,0,0,0,0,0,0,0,0,0,0,0,0,0
"Nucleosides, nucleotides, and analogues",Purine nucleotides,NA,Xanthosine,95511.73046,5199.285256,3987.295248,0,5318.674353,1173.004463,587.0175772,6261.874915,8594.877042,1898.85836,10864.55091,1688.554158,70395.40333,24872.7443,51642.58002,6382.459202,5410.168389,54.54510961,4830.223699,3380.274888,3831.930771,4077.311177,5866.682486,15.42075744,280.91813,128.0545897,2351.203392,675.7840572,1905.725535,1442.533865,1986.166912,2215.823412,4751.979192,264.0518742,7813.288564,38118.14207,2.45E+02,5713.232027
"Nucleosides, nucleotides, and analogues",Purine nucleotides,Purine deoxyribonucleotides,5_Deoxyadenosine,4756.068538,3863.60849,8530.263667,2749.931743,4584.254021,12116.92044,1798.070701,1414.028948,1028.709151,4239.395698,5512.834335,4021.093379,1604.02099,1213.464207,24569.93073,10404.83162,3012.440748,16060.43472,4268.834512,2295.285908,89955.82781,3330.677698,1703.457998,407.6078289,11735.2635,360.4691926,4889.667877,9650.434262,6251.071229,8823.890241,2399.042021,2457.651538,15451.12357,12571.4315,254.6190354,208.2277248,484.9825417,3359.85487
"Nucleosides, nucleotides, and analogues",Purine nucleotides,NA,Adenosine,22069.71553,7690.222909,22763.37115,11434.9136,11444.47614,1023521.85,7461.30527,9410.978068,9446.970344,8277.504496,38175.5637,34301.41202,22002.31813,23879.05159,62301.36628,20860.07606,20547.61428,39146.07657,13072.61463,15357.10575,16636.21804,24824.60534,51677.97068,31569.27624,405.4001896,1058.147406,26109.84975,21936.5431,23066.66992,29225.94106,39116.72692,6058.045578,40027.89652,23752.27629,38648.48338,8500.150916,1642.055905,32093.51417
Organoheterocyclic compounds,Pyridines and derivatives,Pyridinecarboxylic acids and derivatives,Niacinamide,18646.013,77287.44784,181.8955613,0,4496.936984,7368.656027,6543.842232,6248.358746,3999.638921,275.558671,6020.699409,0.0000239002526,14961.24156,7928.138365,2935.859107,4349.707156,1828.064682,0,507.5430172,0.0002172636105,73.91001276,96.69036354,2190.32601,0,791.7801269,1009.776533,267.0340694,2497.769395,806.8340303,312.5845322,471.4110263,0.000244122271,12578.81085,5372.847355,3255.692283,1537.170855,638.3497564,0.002712021374
Organoheterocyclic compounds,Pyridines and derivatives,Pyridine carboxaldehydes,Pyridoxal,0,0,23913.12743,0,0,0,0,0,0,0,24.40233327,0,0,0,1368.546267,0,0,0,0,0,0,0,2828.159226,0,0,0,285.8499454,0,270.7326206,3096.826327,4239.755621,0,0,0,43.48892633,0,0,0
Organoheterocyclic compounds,Pyridines and derivatives,Pyridinecarboxylic acids and derivatives,Quinolinic_Acid,0.006857089704,0.006857089704,3.039782171,41.26765435,5854.930693,14266.42598,235.1813638,190.8742702,131.2983069,139.5149707,1.78E-04,1.94E-04,10642.12611,7233.917329,2635.56615,2567.666012,2.666228326,0.0015019086,0.03066350207,0.001249987721,40.20281975,276.7543293,0.0004554867729,1.90E-04,0.1141456341,0.1271386286,471.7577102,3051.03625,630.5944718,353.0222433,1.378665604,0.0005521777481,0,0,482.3979448,99.75377455,141.3063517,53.83241397
"Nucleosides, nucleotides, and analogues",Pyrimidines and pyrimidine derivatives,Pyrimidine 2'-deoxyribonucleosides,Thymidine,0.0283506109,7938.366151,17142.69073,19054.25308,24671.92356,29330.01204,943.8026805,969.5183097,630.0633558,834.4610329,17120.14807,23043.5518,5085.577709,5503.638009,34010.9618,5707.904585,12149.12649,0.4240149017,11075.97377,308.7541636,85.94527723,262.0628784,9430.549832,31761.41528,0.001025655202,0.001798166815,1325.35542,5563.148631,13935.20723,15160.4311,10909.21384,24015.04091,0,0,17302.81953,16365.29382,16449.61179,23357.87692
"Nucleosides, nucleotides, and analogues",Pyrimidines and pyrimidine derivatives,NA,Uridine,422.0523252,34.22128775,2516.453425,0,64.93004566,10973.57658,14.70603914,149.4348633,44.1958872,2.49E+00,6210.56135,2.475030694,84.30079097,1816.972197,928.0088065,789.5718032,1909.296487,51.3904063,80.27230008,382.3254824,12.51208868,20.87827556,1575.396567,1.426987173,139.6981178,76.77947682,3273.754334,7.018055278,2048.157098,0.0000823035736,2482.987962,0,18498.84137,802.6511326,1389.777011,1119.885014,742.1933809,23.52652415
"Nucleosides, nucleotides, and analogues",Pyrimidines and pyrimidine derivatives,NA,Cytidine,39.61373272,13028.67198,0,0,10.001481,903.3522398,1.745423735,0.5349464642,3.259718964,9.142996371,128.6505026,1.912317258,3.077627466,12.81473288,9930.986173,91.99195946,641.0576167,11.84014163,1881.509349,10.70964769,0,0,3141.885705,0.009239868018,39.62517253,5.688153221,601.5261014,114.6535209,574.5406034,37.98731036,29.31885054,16.03850431,524.6461675,372.9281939,28.18295848,366.1342659,0.1730954868,0
"Nucleosides, nucleotides, and analogues",Pyrimidines and pyrimidine derivatives,Pyrimidine 2'-deoxyribonucleosides,Deoxyuridine,4675.183116,715.775328,64999.33231,0,4967.479548,2651.098625,6476.23505,33.75552552,256.3864521,22800.21997,10464.66682,566.3040827,33853.83109,34811.83985,75258.47241,89306.63741,30851.24298,19546.15523,17923.86319,53793.93177,177.7466437,1638.082122,34384.59122,6382.002263,685.3196308,0,11667.68247,9803.609983,32819.7291,4694.223634,64485.34984,11237.44914,158813.3744,94332.20481,16605.50016,18448.38777,16041.68713,283.7910305
